"fold","holdout_hospital","level","selection_policy","regime","seed","tag","epoch","chosen_val_overall_loss","chosen_val_overall_acc","chosen_proxy_metric","chosen_proxy_metric_col"
"camelyon17_loo_h0","0","P95","proxy_only","rcgdro_softclip_p95_a10_cam_loo_h0cal","0","h0_do0.0_lr0.001_wd0.0001_bs512_ep30_K64_eta0.1_clip758_clipa10","10","0.2310701988906164","0.921","0.4826398604214598","proxy_worst_loss_clip_min"
"camelyon17_loo_h0","0","P95","val_loss_only","rcgdro_softclip_p95_a10_cam_loo_h0cal","0","h0_do0.0_lr0.001_wd0.0001_bs512_ep30_K64_eta0.1_clip758_clipa10","2","0.2015114904836102","0.9235","0.5347663367297907","proxy_worst_loss_clip_min"
"camelyon17_loo_h0","0","P97","proxy_only","rcgdro_softclip_p97_a10_cam_loo_h0cal","0","h0_do0.0_lr0.001_wd0.0001_bs512_ep30_K64_eta0.1_clip1148_clipa10","12","0.1824604762563058","0.9395","0.5728846517488138","proxy_worst_loss_clip_min"
"camelyon17_loo_h0","0","P97","val_loss_only","rcgdro_softclip_p97_a10_cam_loo_h0cal","0","h0_do0.0_lr0.001_wd0.0001_bs512_ep30_K64_eta0.1_clip1148_clipa10","22","0.1796150057900085","0.94","0.5956295778888384","proxy_worst_loss_clip_min"
"camelyon17_loo_h0","0","P99","proxy_only","rcgdro_softclip_p99_a10_cam_loo_h0cal","0","h0_do0.0_lr0.001_wd0.0001_bs512_ep30_K64_eta0.1_clip2099_clipa10","4","0.2003094903643286","0.9315","0.7374221635057449","proxy_worst_loss_clip_min"
"camelyon17_loo_h0","0","P99","val_loss_only","rcgdro_softclip_p99_a10_cam_loo_h0cal","0","h0_do0.0_lr0.001_wd0.0001_bs512_ep30_K64_eta0.1_clip2099_clipa10","29","0.1580910864925697","0.937","0.7934290502226768","proxy_worst_loss_clip_min"
"camelyon17_loo_h0","0","baseline","baseline","rcgdro","0","h0_do0.0_lr0.001_wd0.0001_bs512_ep30_K64_eta0.1","30","0.1701078407322251","0.9405","0.6668503931723535","proxy_worst_loss_min"
"camelyon17_loo_h0","0","P95","proxy_only","rcgdro_softclip_p95_a10_cam_loo_h0cal","1","h0_do0.0_lr0.001_wd0.0001_bs512_ep30_K64_eta0.1_clip758_clipa10","12","0.2158837027871845","0.934","0.4895845658757993","proxy_worst_loss_clip_min"
"camelyon17_loo_h0","0","P95","val_loss_only","rcgdro_softclip_p95_a10_cam_loo_h0cal","1","h0_do0.0_lr0.001_wd0.0001_bs512_ep30_K64_eta0.1_clip758_clipa10","4","0.1879068855818829","0.93","0.5919303275356995","proxy_worst_loss_clip_min"
"camelyon17_loo_h0","0","P97","proxy_only","rcgdro_softclip_p97_a10_cam_loo_h0cal","1","h0_do0.0_lr0.001_wd0.0001_bs512_ep30_K64_eta0.1_clip1148_clipa10","1","0.1986911069583342","0.9305","0.6735303945739923","proxy_worst_loss_clip_min"
"camelyon17_loo_h0","0","P97","val_loss_only","rcgdro_softclip_p97_a10_cam_loo_h0cal","1","h0_do0.0_lr0.001_wd0.0001_bs512_ep30_K64_eta0.1_clip1148_clipa10","26","0.1747011917514159","0.9385","0.6753464939917544","proxy_worst_loss_clip_min"
"camelyon17_loo_h0","0","P99","proxy_only","rcgdro_softclip_p99_a10_cam_loo_h0cal","1","h0_do0.0_lr0.001_wd0.0001_bs512_ep30_K64_eta0.1_clip2099_clipa10","26","0.1838876900865745","0.936","0.7256847174857315","proxy_worst_loss_clip_min"
"camelyon17_loo_h0","0","P99","val_loss_only","rcgdro_softclip_p99_a10_cam_loo_h0cal","1","h0_do0.0_lr0.001_wd0.0001_bs512_ep30_K64_eta0.1_clip2099_clipa10","28","0.1727330854478933","0.94","0.777162737587836","proxy_worst_loss_clip_min"
"camelyon17_loo_h0","0","baseline","baseline","rcgdro","1","h0_do0.0_lr0.001_wd0.0001_bs512_ep30_K64_eta0.1","18","0.179046072460826","0.935","0.7477052197791636","proxy_worst_loss_min"
"camelyon17_loo_h0","0","P95","proxy_only","rcgdro_softclip_p95_a10_cam_loo_h0cal","2","h0_do0.0_lr0.001_wd0.0001_bs512_ep30_K64_eta0.1_clip758_clipa10","4","0.1945264615162663","0.932","0.5461073657649482","proxy_worst_loss_clip_min"
"camelyon17_loo_h0","0","P95","val_loss_only","rcgdro_softclip_p95_a10_cam_loo_h0cal","2","h0_do0.0_lr0.001_wd0.0001_bs512_ep30_K64_eta0.1_clip758_clipa10","18","0.182263897394264","0.937","0.5891010115085302","proxy_worst_loss_clip_min"
"camelyon17_loo_h0","0","P97","proxy_only","rcgdro_softclip_p97_a10_cam_loo_h0cal","2","h0_do0.0_lr0.001_wd0.0001_bs512_ep30_K64_eta0.1_clip1148_clipa10","30","0.1905788463421019","0.939","0.6567262784808107","proxy_worst_loss_clip_min"
"camelyon17_loo_h0","0","P97","val_loss_only","rcgdro_softclip_p97_a10_cam_loo_h0cal","2","h0_do0.0_lr0.001_wd0.0001_bs512_ep30_K64_eta0.1_clip1148_clipa10","26","0.1757477376404669","0.9335","0.8070874337956084","proxy_worst_loss_clip_min"
"camelyon17_loo_h0","0","P99","proxy_only","rcgdro_softclip_p99_a10_cam_loo_h0cal","2","h0_do0.0_lr0.001_wd0.0001_bs512_ep30_K64_eta0.1_clip2099_clipa10","24","0.1913734939394013","0.937","0.7162788513105831","proxy_worst_loss_clip_min"
"camelyon17_loo_h0","0","P99","val_loss_only","rcgdro_softclip_p99_a10_cam_loo_h0cal","2","h0_do0.0_lr0.001_wd0.0001_bs512_ep30_K64_eta0.1_clip2099_clipa10","19","0.1674886407244012","0.9365","0.8278240446010856","proxy_worst_loss_clip_min"
"camelyon17_loo_h0","0","baseline","baseline","rcgdro","2","h0_do0.0_lr0.001_wd0.0001_bs512_ep30_K64_eta0.1","6","0.2054529896795711","0.923","0.723567861597985","proxy_worst_loss_min"
"camelyon17_loo_h0","0","P95","proxy_only","rcgdro_softclip_p95_a10_cam_loo_h0cal","3","h0_do0.0_lr0.001_wd0.0001_bs512_ep30_K64_eta0.1_clip758_clipa10","6","0.2228479924778947","0.9305","0.4902820080189084","proxy_worst_loss_clip_min"
"camelyon17_loo_h0","0","P95","val_loss_only","rcgdro_softclip_p95_a10_cam_loo_h0cal","3","h0_do0.0_lr0.001_wd0.0001_bs512_ep30_K64_eta0.1_clip758_clipa10","30","0.185476130874347","0.935","0.6577700472878942","proxy_worst_loss_clip_min"
"camelyon17_loo_h0","0","P97","proxy_only","rcgdro_softclip_p97_a10_cam_loo_h0cal","3","h0_do0.0_lr0.001_wd0.0001_bs512_ep30_K64_eta0.1_clip1148_clipa10","8","0.1941443505359536","0.9355","0.5890658647679768","proxy_worst_loss_clip_min"
"camelyon17_loo_h0","0","P97","val_loss_only","rcgdro_softclip_p97_a10_cam_loo_h0cal","3","h0_do0.0_lr0.001_wd0.0001_bs512_ep30_K64_eta0.1_clip1148_clipa10","26","0.192957003679822","0.937","0.6911754365038966","proxy_worst_loss_clip_min"
"camelyon17_loo_h0","0","P99","proxy_only","rcgdro_softclip_p99_a10_cam_loo_h0cal","3","h0_do0.0_lr0.001_wd0.0001_bs512_ep30_K64_eta0.1_clip2099_clipa10","22","0.1576979150859387","0.944","0.6697182416456609","proxy_worst_loss_clip_min"
"camelyon17_loo_h0","0","P99","val_loss_only","rcgdro_softclip_p99_a10_cam_loo_h0cal","3","h0_do0.0_lr0.001_wd0.0001_bs512_ep30_K64_eta0.1_clip2099_clipa10","22","0.1576979150859387","0.944","0.6697182416456609","proxy_worst_loss_clip_min"
"camelyon17_loo_h0","0","baseline","baseline","rcgdro","3","h0_do0.0_lr0.001_wd0.0001_bs512_ep30_K64_eta0.1","24","0.1666055984564383","0.937","0.650553451385349","proxy_worst_loss_min"
"camelyon17_loo_h0","0","P95","proxy_only","rcgdro_softclip_p95_a10_cam_loo_h0cal","4","h0_do0.0_lr0.001_wd0.0001_bs512_ep30_K64_eta0.1_clip758_clipa10","26","0.197411056782984","0.938","0.5343829659886352","proxy_worst_loss_clip_min"
"camelyon17_loo_h0","0","P95","val_loss_only","rcgdro_softclip_p95_a10_cam_loo_h0cal","4","h0_do0.0_lr0.001_wd0.0001_bs512_ep30_K64_eta0.1_clip758_clipa10","16","0.1881677351140075","0.933","0.5757842135539766","proxy_worst_loss_clip_min"
"camelyon17_loo_h0","0","P97","proxy_only","rcgdro_softclip_p97_a10_cam_loo_h0cal","4","h0_do0.0_lr0.001_wd0.0001_bs512_ep30_K64_eta0.1_clip1148_clipa10","8","0.1846525905551342","0.941","0.5729729210401393","proxy_worst_loss_clip_min"
"camelyon17_loo_h0","0","P97","val_loss_only","rcgdro_softclip_p97_a10_cam_loo_h0cal","4","h0_do0.0_lr0.001_wd0.0001_bs512_ep30_K64_eta0.1_clip1148_clipa10","10","0.1800204978935355","0.942","0.5788267224940578","proxy_worst_loss_clip_min"
"camelyon17_loo_h0","0","P99","proxy_only","rcgdro_softclip_p99_a10_cam_loo_h0cal","4","h0_do0.0_lr0.001_wd0.0001_bs512_ep30_K64_eta0.1_clip2099_clipa10","11","0.1715504776928958","0.9325","0.7374592150414487","proxy_worst_loss_clip_min"
"camelyon17_loo_h0","0","P99","val_loss_only","rcgdro_softclip_p99_a10_cam_loo_h0cal","4","h0_do0.0_lr0.001_wd0.0001_bs512_ep30_K64_eta0.1_clip2099_clipa10","10","0.1552853535068307","0.936","0.7672342518350899","proxy_worst_loss_clip_min"
"camelyon17_loo_h0","0","baseline","baseline","rcgdro","4","h0_do0.0_lr0.001_wd0.0001_bs512_ep30_K64_eta0.1","26","0.1771492038164098","0.9385","0.6783867734484375","proxy_worst_loss_min"
"camelyon17_loo_h0","0","P95","proxy_only","rcgdro_softclip_p95_a10_cam_loo_h0cal","5","h0_do0.0_lr0.001_wd0.0001_bs512_ep30_K64_eta0.1_clip758_clipa10","27","0.2257033445592122","0.923","0.5039549207699399","proxy_worst_loss_clip_min"
"camelyon17_loo_h0","0","P95","val_loss_only","rcgdro_softclip_p95_a10_cam_loo_h0cal","5","h0_do0.0_lr0.001_wd0.0001_bs512_ep30_K64_eta0.1_clip758_clipa10","25","0.1890653409098908","0.938","0.5392567200634123","proxy_worst_loss_clip_min"
"camelyon17_loo_h0","0","P97","proxy_only","rcgdro_softclip_p97_a10_cam_loo_h0cal","5","h0_do0.0_lr0.001_wd0.0001_bs512_ep30_K64_eta0.1_clip1148_clipa10","7","0.193919889704422","0.937","0.6165242052541884","proxy_worst_loss_clip_min"
"camelyon17_loo_h0","0","P97","val_loss_only","rcgdro_softclip_p97_a10_cam_loo_h0cal","5","h0_do0.0_lr0.001_wd0.0001_bs512_ep30_K64_eta0.1_clip1148_clipa10","29","0.1765710870424007","0.9405","0.6261750456414271","proxy_worst_loss_clip_min"
"camelyon17_loo_h0","0","P99","proxy_only","rcgdro_softclip_p99_a10_cam_loo_h0cal","5","h0_do0.0_lr0.001_wd0.0001_bs512_ep30_K64_eta0.1_clip2099_clipa10","29","0.1537465979320365","0.94","0.7141939376487254","proxy_worst_loss_clip_min"
"camelyon17_loo_h0","0","P99","val_loss_only","rcgdro_softclip_p99_a10_cam_loo_h0cal","5","h0_do0.0_lr0.001_wd0.0001_bs512_ep30_K64_eta0.1_clip2099_clipa10","29","0.1537465979320365","0.94","0.7141939376487254","proxy_worst_loss_clip_min"
"camelyon17_loo_h0","0","baseline","baseline","rcgdro","5","h0_do0.0_lr0.001_wd0.0001_bs512_ep30_K64_eta0.1","26","0.1796329241774302","0.9355","0.6989901922643185","proxy_worst_loss_min"
"camelyon17_loo_h0","0","P95","proxy_only","rcgdro_softclip_p95_a10_cam_loo_h0cal","6","h0_do0.0_lr0.001_wd0.0001_bs512_ep30_K64_eta0.1_clip758_clipa10","22","0.1784535656899076","0.94","0.5266002214184081","proxy_worst_loss_clip_min"
"camelyon17_loo_h0","0","P95","val_loss_only","rcgdro_softclip_p95_a10_cam_loo_h0cal","6","h0_do0.0_lr0.001_wd0.0001_bs512_ep30_K64_eta0.1_clip758_clipa10","22","0.1784535656899076","0.94","0.5266002214184081","proxy_worst_loss_clip_min"
"camelyon17_loo_h0","0","P97","proxy_only","rcgdro_softclip_p97_a10_cam_loo_h0cal","6","h0_do0.0_lr0.001_wd0.0001_bs512_ep30_K64_eta0.1_clip1148_clipa10","29","0.2106455004547659","0.933","0.5934701004919041","proxy_worst_loss_clip_min"
"camelyon17_loo_h0","0","P97","val_loss_only","rcgdro_softclip_p97_a10_cam_loo_h0cal","6","h0_do0.0_lr0.001_wd0.0001_bs512_ep30_K64_eta0.1_clip1148_clipa10","4","0.1812022417481441","0.9295","0.738989743860236","proxy_worst_loss_clip_min"
"camelyon17_loo_h0","0","P99","proxy_only","rcgdro_softclip_p99_a10_cam_loo_h0cal","6","h0_do0.0_lr0.001_wd0.0001_bs512_ep30_K64_eta0.1_clip2099_clipa10","23","0.171513475704336","0.94","0.6825966334914504","proxy_worst_loss_clip_min"
"camelyon17_loo_h0","0","P99","val_loss_only","rcgdro_softclip_p99_a10_cam_loo_h0cal","6","h0_do0.0_lr0.001_wd0.0001_bs512_ep30_K64_eta0.1_clip2099_clipa10","27","0.1664183847044587","0.941","0.7025199733696845","proxy_worst_loss_clip_min"
"camelyon17_loo_h0","0","baseline","baseline","rcgdro","6","h0_do0.0_lr0.001_wd0.0001_bs512_ep30_K64_eta0.1","28","0.1744761887008759","0.934","0.7167575952687091","proxy_worst_loss_min"
"camelyon17_loo_h0","0","P95","proxy_only","rcgdro_softclip_p95_a10_cam_loo_h0cal","7","h0_do0.0_lr0.001_wd0.0001_bs512_ep30_K64_eta0.1_clip758_clipa10","2","0.2345701379744499","0.911","0.5260680407437408","proxy_worst_loss_clip_min"
"camelyon17_loo_h0","0","P95","val_loss_only","rcgdro_softclip_p95_a10_cam_loo_h0cal","7","h0_do0.0_lr0.001_wd0.0001_bs512_ep30_K64_eta0.1_clip758_clipa10","4","0.1901854981412619","0.9295","0.5753606570110212","proxy_worst_loss_clip_min"
"camelyon17_loo_h0","0","P97","proxy_only","rcgdro_softclip_p97_a10_cam_loo_h0cal","7","h0_do0.0_lr0.001_wd0.0001_bs512_ep30_K64_eta0.1_clip1148_clipa10","12","0.1919082526953712","0.94","0.5861972246806431","proxy_worst_loss_clip_min"
"camelyon17_loo_h0","0","P97","val_loss_only","rcgdro_softclip_p97_a10_cam_loo_h0cal","7","h0_do0.0_lr0.001_wd0.0001_bs512_ep30_K64_eta0.1_clip1148_clipa10","16","0.175274607479662","0.94","0.6008519340215689","proxy_worst_loss_clip_min"
"camelyon17_loo_h0","0","P99","proxy_only","rcgdro_softclip_p99_a10_cam_loo_h0cal","7","h0_do0.0_lr0.001_wd0.0001_bs512_ep30_K64_eta0.1_clip2099_clipa10","19","0.209505491821691","0.936","0.7067731780908917","proxy_worst_loss_clip_min"
"camelyon17_loo_h0","0","P99","val_loss_only","rcgdro_softclip_p99_a10_cam_loo_h0cal","7","h0_do0.0_lr0.001_wd0.0001_bs512_ep30_K64_eta0.1_clip2099_clipa10","13","0.1593522076187868","0.938","0.7378829142094699","proxy_worst_loss_clip_min"
"camelyon17_loo_h0","0","baseline","baseline","rcgdro","7","h0_do0.0_lr0.001_wd0.0001_bs512_ep30_K64_eta0.1","30","0.1675897018993557","0.9415","0.6908470708876848","proxy_worst_loss_min"
"camelyon17_loo_h0","0","P95","proxy_only","rcgdro_softclip_p95_a10_cam_loo_h0cal","8","h0_do0.0_lr0.001_wd0.0001_bs512_ep30_K64_eta0.1_clip758_clipa10","1","0.1958965468526815","0.9235","0.549506034903499","proxy_worst_loss_clip_min"
"camelyon17_loo_h0","0","P95","val_loss_only","rcgdro_softclip_p95_a10_cam_loo_h0cal","8","h0_do0.0_lr0.001_wd0.0001_bs512_ep30_K64_eta0.1_clip758_clipa10","10","0.1819744683248108","0.9335","0.5810156077303481","proxy_worst_loss_clip_min"
"camelyon17_loo_h0","0","P97","proxy_only","rcgdro_softclip_p97_a10_cam_loo_h0cal","8","h0_do0.0_lr0.001_wd0.0001_bs512_ep30_K64_eta0.1_clip1148_clipa10","9","0.1806023974875965","0.9355","0.6807793351743746","proxy_worst_loss_clip_min"
"camelyon17_loo_h0","0","P97","val_loss_only","rcgdro_softclip_p97_a10_cam_loo_h0cal","8","h0_do0.0_lr0.001_wd0.0001_bs512_ep30_K64_eta0.1_clip1148_clipa10","21","0.1765078681588609","0.935","0.726720998755255","proxy_worst_loss_clip_min"
"camelyon17_loo_h0","0","P99","proxy_only","rcgdro_softclip_p99_a10_cam_loo_h0cal","8","h0_do0.0_lr0.001_wd0.0001_bs512_ep30_K64_eta0.1_clip2099_clipa10","6","0.2177250040004219","0.9285","0.7261458220403967","proxy_worst_loss_clip_min"
"camelyon17_loo_h0","0","P99","val_loss_only","rcgdro_softclip_p99_a10_cam_loo_h0cal","8","h0_do0.0_lr0.001_wd0.0001_bs512_ep30_K64_eta0.1_clip2099_clipa10","20","0.1627416181886825","0.9385","0.7831103827581061","proxy_worst_loss_clip_min"
"camelyon17_loo_h0","0","baseline","baseline","rcgdro","8","h0_do0.0_lr0.001_wd0.0001_bs512_ep30_K64_eta0.1","24","0.1700961843352491","0.9415","0.6331592507194728","proxy_worst_loss_min"
"camelyon17_loo_h0","0","P95","proxy_only","rcgdro_softclip_p95_a10_cam_loo_h0cal","9","h0_do0.0_lr0.001_wd0.0001_bs512_ep30_K64_eta0.1_clip758_clipa10","1","0.1911298692786934","0.927","0.5386384718271817","proxy_worst_loss_clip_min"
"camelyon17_loo_h0","0","P95","val_loss_only","rcgdro_softclip_p95_a10_cam_loo_h0cal","9","h0_do0.0_lr0.001_wd0.0001_bs512_ep30_K64_eta0.1_clip758_clipa10","4","0.182913619953617","0.9335","0.54200579218064","proxy_worst_loss_clip_min"
"camelyon17_loo_h0","0","P97","proxy_only","rcgdro_softclip_p97_a10_cam_loo_h0cal","9","h0_do0.0_lr0.001_wd0.0001_bs512_ep30_K64_eta0.1_clip1148_clipa10","18","0.1906728121267507","0.932","0.6022035922534431","proxy_worst_loss_clip_min"
"camelyon17_loo_h0","0","P97","val_loss_only","rcgdro_softclip_p97_a10_cam_loo_h0cal","9","h0_do0.0_lr0.001_wd0.0001_bs512_ep30_K64_eta0.1_clip1148_clipa10","11","0.1757674408285676","0.936","0.7417767587975643","proxy_worst_loss_clip_min"
"camelyon17_loo_h0","0","P99","proxy_only","rcgdro_softclip_p99_a10_cam_loo_h0cal","9","h0_do0.0_lr0.001_wd0.0001_bs512_ep30_K64_eta0.1_clip2099_clipa10","23","0.166254866861551","0.9365","0.7646924139941362","proxy_worst_loss_clip_min"
"camelyon17_loo_h0","0","P99","val_loss_only","rcgdro_softclip_p99_a10_cam_loo_h0cal","9","h0_do0.0_lr0.001_wd0.0001_bs512_ep30_K64_eta0.1_clip2099_clipa10","25","0.1658206673516592","0.938","0.797618904711729","proxy_worst_loss_clip_min"
"camelyon17_loo_h0","0","baseline","baseline","rcgdro","9","h0_do0.0_lr0.001_wd0.0001_bs512_ep30_K64_eta0.1","30","0.162178568499852","0.9395","0.6505009541288018","proxy_worst_loss_min"
"camelyon17_loo_h1","1","P95","proxy_only","rcgdro_softclip_p95_a10_cam_loo_h1cal","0","h0_do0.0_lr0.001_wd0.0001_bs512_ep30_K64_eta0.1_clip728_clipa10","14","0.2502402195264601","0.908","0.5903419772174536","proxy_worst_loss_clip_min"
"camelyon17_loo_h1","1","P95","val_loss_only","rcgdro_softclip_p95_a10_cam_loo_h1cal","0","h0_do0.0_lr0.001_wd0.0001_bs512_ep30_K64_eta0.1_clip728_clipa10","14","0.2502402195264601","0.908","0.5903419772174536","proxy_worst_loss_clip_min"
"camelyon17_loo_h1","1","P97","proxy_only","rcgdro_softclip_p97_a10_cam_loo_h1cal","0","h0_do0.0_lr0.001_wd0.0001_bs512_ep30_K64_eta0.1_clip1125_clipa10","23","0.2694881583109335","0.901","0.6911142436908295","proxy_worst_loss_clip_min"
"camelyon17_loo_h1","1","P97","val_loss_only","rcgdro_softclip_p97_a10_cam_loo_h1cal","0","h0_do0.0_lr0.001_wd0.0001_bs512_ep30_K64_eta0.1_clip1125_clipa10","8","0.2532591616329053","0.9035","0.6965476395678425","proxy_worst_loss_clip_min"
"camelyon17_loo_h1","1","P99","proxy_only","rcgdro_softclip_p99_a10_cam_loo_h1cal","0","h0_do0.0_lr0.001_wd0.0001_bs512_ep30_K64_eta0.1_clip2132_clipa10","2","0.3072622739439275","0.874","0.8670856023154625","proxy_worst_loss_clip_min"
"camelyon17_loo_h1","1","P99","val_loss_only","rcgdro_softclip_p99_a10_cam_loo_h1cal","0","h0_do0.0_lr0.001_wd0.0001_bs512_ep30_K64_eta0.1_clip2132_clipa10","19","0.2801645268987784","0.8845","0.9376621717255615","proxy_worst_loss_clip_min"
"camelyon17_loo_h1","1","baseline","baseline","rcgdro","0","h0_do0.0_lr0.001_wd0.0001_bs512_ep30_K64_eta0.1","2","0.3096709174990101","0.8755","0.8344042258280696","proxy_worst_loss_min"
"camelyon17_loo_h1","1","P95","proxy_only","rcgdro_softclip_p95_a10_cam_loo_h1cal","1","h0_do0.0_lr0.001_wd0.0001_bs512_ep30_K64_eta0.1_clip728_clipa10","29","0.3192588344781361","0.8885","0.564257267548786","proxy_worst_loss_clip_min"
"camelyon17_loo_h1","1","P95","val_loss_only","rcgdro_softclip_p95_a10_cam_loo_h1cal","1","h0_do0.0_lr0.001_wd0.0001_bs512_ep30_K64_eta0.1_clip728_clipa10","4","0.2689520098141181","0.9015","0.595443581896395","proxy_worst_loss_clip_min"
"camelyon17_loo_h1","1","P97","proxy_only","rcgdro_softclip_p97_a10_cam_loo_h1cal","1","h0_do0.0_lr0.001_wd0.0001_bs512_ep30_K64_eta0.1_clip1125_clipa10","4","0.2527510538507856","0.898","0.70389497833835","proxy_worst_loss_clip_min"
"camelyon17_loo_h1","1","P97","val_loss_only","rcgdro_softclip_p97_a10_cam_loo_h1cal","1","h0_do0.0_lr0.001_wd0.0001_bs512_ep30_K64_eta0.1_clip1125_clipa10","4","0.2527510538507856","0.898","0.70389497833835","proxy_worst_loss_clip_min"
"camelyon17_loo_h1","1","P99","proxy_only","rcgdro_softclip_p99_a10_cam_loo_h1cal","1","h0_do0.0_lr0.001_wd0.0001_bs512_ep30_K64_eta0.1_clip2132_clipa10","2","0.2645451345967758","0.904","0.7248416925585504","proxy_worst_loss_clip_min"
"camelyon17_loo_h1","1","P99","val_loss_only","rcgdro_softclip_p99_a10_cam_loo_h1cal","1","h0_do0.0_lr0.001_wd0.0001_bs512_ep30_K64_eta0.1_clip2132_clipa10","21","0.2407488079632554","0.9115","0.7926690979663169","proxy_worst_loss_clip_min"
"camelyon17_loo_h1","1","baseline","baseline","rcgdro","1","h0_do0.0_lr0.001_wd0.0001_bs512_ep30_K64_eta0.1","2","0.2862892548623713","0.9025","0.7055249063214414","proxy_worst_loss_min"
"camelyon17_loo_h1","1","P95","proxy_only","rcgdro_softclip_p95_a10_cam_loo_h1cal","2","h0_do0.0_lr0.001_wd0.0001_bs512_ep30_K64_eta0.1_clip728_clipa10","30","0.2742117918264753","0.912","0.5997658321438917","proxy_worst_loss_clip_min"
"camelyon17_loo_h1","1","P95","val_loss_only","rcgdro_softclip_p95_a10_cam_loo_h1cal","2","h0_do0.0_lr0.001_wd0.0001_bs512_ep30_K64_eta0.1_clip728_clipa10","30","0.2742117918264753","0.912","0.5997658321438917","proxy_worst_loss_clip_min"
"camelyon17_loo_h1","1","P97","proxy_only","rcgdro_softclip_p97_a10_cam_loo_h1cal","2","h0_do0.0_lr0.001_wd0.0001_bs512_ep30_K64_eta0.1_clip1125_clipa10","6","0.2884821893447253","0.899","0.6576149698353295","proxy_worst_loss_clip_min"
"camelyon17_loo_h1","1","P97","val_loss_only","rcgdro_softclip_p97_a10_cam_loo_h1cal","2","h0_do0.0_lr0.001_wd0.0001_bs512_ep30_K64_eta0.1_clip1125_clipa10","11","0.2529218848884426","0.908","0.6918274847989867","proxy_worst_loss_clip_min"
"camelyon17_loo_h1","1","P99","proxy_only","rcgdro_softclip_p99_a10_cam_loo_h1cal","2","h0_do0.0_lr0.001_wd0.0001_bs512_ep30_K64_eta0.1_clip2132_clipa10","3","0.2538664254701562","0.9025","0.7134044553745877","proxy_worst_loss_clip_min"
"camelyon17_loo_h1","1","P99","val_loss_only","rcgdro_softclip_p99_a10_cam_loo_h1cal","2","h0_do0.0_lr0.001_wd0.0001_bs512_ep30_K64_eta0.1_clip2132_clipa10","12","0.2471684243418365","0.9065","0.7672640722831991","proxy_worst_loss_clip_min"
"camelyon17_loo_h1","1","baseline","baseline","rcgdro","2","h0_do0.0_lr0.001_wd0.0001_bs512_ep30_K64_eta0.1","27","0.2389579181948102","0.903","0.7659067032237847","proxy_worst_loss_min"
"camelyon17_loo_h1","1","P95","proxy_only","rcgdro_softclip_p95_a10_cam_loo_h1cal","3","h0_do0.0_lr0.001_wd0.0001_bs512_ep30_K64_eta0.1_clip728_clipa10","14","0.3034942651202453","0.8995","0.6141518240525006","proxy_worst_loss_clip_min"
"camelyon17_loo_h1","1","P95","val_loss_only","rcgdro_softclip_p95_a10_cam_loo_h1cal","3","h0_do0.0_lr0.001_wd0.0001_bs512_ep30_K64_eta0.1_clip728_clipa10","6","0.2921489491800072","0.9015","0.630836319623687","proxy_worst_loss_clip_min"
"camelyon17_loo_h1","1","P97","proxy_only","rcgdro_softclip_p97_a10_cam_loo_h1cal","3","h0_do0.0_lr0.001_wd0.0001_bs512_ep30_K64_eta0.1_clip1125_clipa10","23","0.2638097329964","0.9085","0.6867024161524505","proxy_worst_loss_clip_min"
"camelyon17_loo_h1","1","P97","val_loss_only","rcgdro_softclip_p97_a10_cam_loo_h1cal","3","h0_do0.0_lr0.001_wd0.0001_bs512_ep30_K64_eta0.1_clip1125_clipa10","18","0.2533706202716663","0.9045","0.7429449648879529","proxy_worst_loss_clip_min"
"camelyon17_loo_h1","1","P99","proxy_only","rcgdro_softclip_p99_a10_cam_loo_h1cal","3","h0_do0.0_lr0.001_wd0.0001_bs512_ep30_K64_eta0.1_clip2132_clipa10","3","0.2505224707287343","0.9095","0.7104292534291744","proxy_worst_loss_clip_min"
"camelyon17_loo_h1","1","P99","val_loss_only","rcgdro_softclip_p99_a10_cam_loo_h1cal","3","h0_do0.0_lr0.001_wd0.0001_bs512_ep30_K64_eta0.1_clip2132_clipa10","30","0.2335462627727135","0.9135","0.7511346379016535","proxy_worst_loss_clip_min"
"camelyon17_loo_h1","1","baseline","baseline","rcgdro","3","h0_do0.0_lr0.001_wd0.0001_bs512_ep30_K64_eta0.1","2","0.2731879193235363","0.9045","0.7203110097484156","proxy_worst_loss_min"
"camelyon17_loo_h1","1","P95","proxy_only","rcgdro_softclip_p95_a10_cam_loo_h1cal","4","h0_do0.0_lr0.001_wd0.0001_bs512_ep30_K64_eta0.1_clip728_clipa10","6","0.2499538524353848","0.9075","0.588345744716347","proxy_worst_loss_clip_min"
"camelyon17_loo_h1","1","P95","val_loss_only","rcgdro_softclip_p95_a10_cam_loo_h1cal","4","h0_do0.0_lr0.001_wd0.0001_bs512_ep30_K64_eta0.1_clip728_clipa10","6","0.2499538524353848","0.9075","0.588345744716347","proxy_worst_loss_clip_min"
"camelyon17_loo_h1","1","P97","proxy_only","rcgdro_softclip_p97_a10_cam_loo_h1cal","4","h0_do0.0_lr0.001_wd0.0001_bs512_ep30_K64_eta0.1_clip1125_clipa10","13","0.2431164307782037","0.9055","0.686474802621206","proxy_worst_loss_clip_min"
"camelyon17_loo_h1","1","P97","val_loss_only","rcgdro_softclip_p97_a10_cam_loo_h1cal","4","h0_do0.0_lr0.001_wd0.0001_bs512_ep30_K64_eta0.1_clip1125_clipa10","13","0.2431164307782037","0.9055","0.686474802621206","proxy_worst_loss_clip_min"
"camelyon17_loo_h1","1","P99","proxy_only","rcgdro_softclip_p99_a10_cam_loo_h1cal","4","h0_do0.0_lr0.001_wd0.0001_bs512_ep30_K64_eta0.1_clip2132_clipa10","3","0.2425965998634001","0.907","0.6878627289451805","proxy_worst_loss_clip_min"
"camelyon17_loo_h1","1","P99","val_loss_only","rcgdro_softclip_p99_a10_cam_loo_h1cal","4","h0_do0.0_lr0.001_wd0.0001_bs512_ep30_K64_eta0.1_clip2132_clipa10","3","0.2425965998634001","0.907","0.6878627289451805","proxy_worst_loss_clip_min"
"camelyon17_loo_h1","1","baseline","baseline","rcgdro","4","h0_do0.0_lr0.001_wd0.0001_bs512_ep30_K64_eta0.1","2","0.2831184295821294","0.9015","0.722294443936059","proxy_worst_loss_min"
"camelyon17_loo_h1","1","P95","proxy_only","rcgdro_softclip_p95_a10_cam_loo_h1cal","5","h0_do0.0_lr0.001_wd0.0001_bs512_ep30_K64_eta0.1_clip728_clipa10","12","0.2875139341325454","0.8985","0.5081106924251374","proxy_worst_loss_clip_min"
"camelyon17_loo_h1","1","P95","val_loss_only","rcgdro_softclip_p95_a10_cam_loo_h1cal","5","h0_do0.0_lr0.001_wd0.0001_bs512_ep30_K64_eta0.1_clip728_clipa10","26","0.2662088833421017","0.905","0.6432439115719111","proxy_worst_loss_clip_min"
"camelyon17_loo_h1","1","P97","proxy_only","rcgdro_softclip_p97_a10_cam_loo_h1cal","5","h0_do0.0_lr0.001_wd0.0001_bs512_ep30_K64_eta0.1_clip1125_clipa10","6","0.2593129348645633","0.898","0.7358008346076291","proxy_worst_loss_clip_min"
"camelyon17_loo_h1","1","P97","val_loss_only","rcgdro_softclip_p97_a10_cam_loo_h1cal","5","h0_do0.0_lr0.001_wd0.0001_bs512_ep30_K64_eta0.1_clip1125_clipa10","8","0.2535144806608944","0.8995","0.803419690603743","proxy_worst_loss_clip_min"
"camelyon17_loo_h1","1","P99","proxy_only","rcgdro_softclip_p99_a10_cam_loo_h1cal","5","h0_do0.0_lr0.001_wd0.0001_bs512_ep30_K64_eta0.1_clip2132_clipa10","3","0.2319748130754342","0.912","0.6801441020457227","proxy_worst_loss_clip_min"
"camelyon17_loo_h1","1","P99","val_loss_only","rcgdro_softclip_p99_a10_cam_loo_h1cal","5","h0_do0.0_lr0.001_wd0.0001_bs512_ep30_K64_eta0.1_clip2132_clipa10","3","0.2319748130754342","0.912","0.6801441020457227","proxy_worst_loss_clip_min"
"camelyon17_loo_h1","1","baseline","baseline","rcgdro","5","h0_do0.0_lr0.001_wd0.0001_bs512_ep30_K64_eta0.1","3","0.2357532373434496","0.9115","0.6923218669990698","proxy_worst_loss_min"
"camelyon17_loo_h1","1","P95","proxy_only","rcgdro_softclip_p95_a10_cam_loo_h1cal","6","h0_do0.0_lr0.001_wd0.0001_bs512_ep30_K64_eta0.1_clip728_clipa10","4","0.2770708216566022","0.892","0.6099928596646373","proxy_worst_loss_clip_min"
"camelyon17_loo_h1","1","P95","val_loss_only","rcgdro_softclip_p95_a10_cam_loo_h1cal","6","h0_do0.0_lr0.001_wd0.0001_bs512_ep30_K64_eta0.1_clip728_clipa10","17","0.2610806288399184","0.9035","0.6318240058164507","proxy_worst_loss_clip_min"
"camelyon17_loo_h1","1","P97","proxy_only","rcgdro_softclip_p97_a10_cam_loo_h1cal","6","h0_do0.0_lr0.001_wd0.0001_bs512_ep30_K64_eta0.1_clip1125_clipa10","6","0.2476191170079025","0.9005","0.7001694624978295","proxy_worst_loss_clip_min"
"camelyon17_loo_h1","1","P97","val_loss_only","rcgdro_softclip_p97_a10_cam_loo_h1cal","6","h0_do0.0_lr0.001_wd0.0001_bs512_ep30_K64_eta0.1_clip1125_clipa10","6","0.2476191170079025","0.9005","0.7001694624978295","proxy_worst_loss_clip_min"
"camelyon17_loo_h1","1","P99","proxy_only","rcgdro_softclip_p99_a10_cam_loo_h1cal","6","h0_do0.0_lr0.001_wd0.0001_bs512_ep30_K64_eta0.1_clip2132_clipa10","28","0.2397606644755387","0.909","0.7457493260908656","proxy_worst_loss_clip_min"
"camelyon17_loo_h1","1","P99","val_loss_only","rcgdro_softclip_p99_a10_cam_loo_h1cal","6","h0_do0.0_lr0.001_wd0.0001_bs512_ep30_K64_eta0.1_clip2132_clipa10","28","0.2397606644755387","0.909","0.7457493260908656","proxy_worst_loss_clip_min"
"camelyon17_loo_h1","1","baseline","baseline","rcgdro","6","h0_do0.0_lr0.001_wd0.0001_bs512_ep30_K64_eta0.1","3","0.2576929388421086","0.9005","0.7981804112593334","proxy_worst_loss_min"
"camelyon17_loo_h1","1","P95","proxy_only","rcgdro_softclip_p95_a10_cam_loo_h1cal","7","h0_do0.0_lr0.001_wd0.0001_bs512_ep30_K64_eta0.1_clip728_clipa10","7","0.303306915892826","0.8905","0.6046915638023458","proxy_worst_loss_clip_min"
"camelyon17_loo_h1","1","P95","val_loss_only","rcgdro_softclip_p95_a10_cam_loo_h1cal","7","h0_do0.0_lr0.001_wd0.0001_bs512_ep30_K64_eta0.1_clip728_clipa10","17","0.2960244098680073","0.881","0.6709825188728986","proxy_worst_loss_clip_min"
"camelyon17_loo_h1","1","P97","proxy_only","rcgdro_softclip_p97_a10_cam_loo_h1cal","7","h0_do0.0_lr0.001_wd0.0001_bs512_ep30_K64_eta0.1_clip1125_clipa10","18","0.3392764692068786","0.883","0.752437312672281","proxy_worst_loss_clip_min"
"camelyon17_loo_h1","1","P97","val_loss_only","rcgdro_softclip_p97_a10_cam_loo_h1cal","7","h0_do0.0_lr0.001_wd0.0001_bs512_ep30_K64_eta0.1_clip1125_clipa10","8","0.2742639417963497","0.8985","0.772136957706965","proxy_worst_loss_clip_min"
"camelyon17_loo_h1","1","P99","proxy_only","rcgdro_softclip_p99_a10_cam_loo_h1cal","7","h0_do0.0_lr0.001_wd0.0001_bs512_ep30_K64_eta0.1_clip2132_clipa10","3","0.2502696173658278","0.909","0.7065623864757292","proxy_worst_loss_clip_min"
"camelyon17_loo_h1","1","P99","val_loss_only","rcgdro_softclip_p99_a10_cam_loo_h1cal","7","h0_do0.0_lr0.001_wd0.0001_bs512_ep30_K64_eta0.1_clip2132_clipa10","21","0.2297703714166717","0.915","0.7211864978427744","proxy_worst_loss_clip_min"
"camelyon17_loo_h1","1","baseline","baseline","rcgdro","7","h0_do0.0_lr0.001_wd0.0001_bs512_ep30_K64_eta0.1","2","0.2722515210697784","0.903","0.7164176163892801","proxy_worst_loss_min"
"camelyon17_loo_h1","1","P95","proxy_only","rcgdro_softclip_p95_a10_cam_loo_h1cal","8","h0_do0.0_lr0.001_wd0.0001_bs512_ep30_K64_eta0.1_clip728_clipa10","10","0.262769173192377","0.9075","0.5865116351470546","proxy_worst_loss_clip_min"
"camelyon17_loo_h1","1","P95","val_loss_only","rcgdro_softclip_p95_a10_cam_loo_h1cal","8","h0_do0.0_lr0.001_wd0.0001_bs512_ep30_K64_eta0.1_clip728_clipa10","10","0.262769173192377","0.9075","0.5865116351470546","proxy_worst_loss_clip_min"
"camelyon17_loo_h1","1","P97","proxy_only","rcgdro_softclip_p97_a10_cam_loo_h1cal","8","h0_do0.0_lr0.001_wd0.0001_bs512_ep30_K64_eta0.1_clip1125_clipa10","29","0.2495741179969845","0.913","0.6532733751378528","proxy_worst_loss_clip_min"
"camelyon17_loo_h1","1","P97","val_loss_only","rcgdro_softclip_p97_a10_cam_loo_h1cal","8","h0_do0.0_lr0.001_wd0.0001_bs512_ep30_K64_eta0.1_clip1125_clipa10","29","0.2495741179969845","0.913","0.6532733751378528","proxy_worst_loss_clip_min"
"camelyon17_loo_h1","1","P99","proxy_only","rcgdro_softclip_p99_a10_cam_loo_h1cal","8","h0_do0.0_lr0.001_wd0.0001_bs512_ep30_K64_eta0.1_clip2132_clipa10","27","0.2476525137737123","0.9025","0.7488679281716466","proxy_worst_loss_clip_min"
"camelyon17_loo_h1","1","P99","val_loss_only","rcgdro_softclip_p99_a10_cam_loo_h1cal","8","h0_do0.0_lr0.001_wd0.0001_bs512_ep30_K64_eta0.1_clip2132_clipa10","24","0.2373727599626494","0.9075","0.7624276204580305","proxy_worst_loss_clip_min"
"camelyon17_loo_h1","1","baseline","baseline","rcgdro","8","h0_do0.0_lr0.001_wd0.0001_bs512_ep30_K64_eta0.1","29","0.2361298107615531","0.9055","0.7591112236181895","proxy_worst_loss_min"
"camelyon17_loo_h1","1","P95","proxy_only","rcgdro_softclip_p95_a10_cam_loo_h1cal","9","h0_do0.0_lr0.001_wd0.0001_bs512_ep30_K64_eta0.1_clip728_clipa10","7","0.3557448658549845","0.876","0.6226735965334449","proxy_worst_loss_clip_min"
"camelyon17_loo_h1","1","P95","val_loss_only","rcgdro_softclip_p95_a10_cam_loo_h1cal","9","h0_do0.0_lr0.001_wd0.0001_bs512_ep30_K64_eta0.1_clip728_clipa10","20","0.3273433649825","0.879","0.6447955710053741","proxy_worst_loss_clip_min"
"camelyon17_loo_h1","1","P97","proxy_only","rcgdro_softclip_p97_a10_cam_loo_h1cal","9","h0_do0.0_lr0.001_wd0.0001_bs512_ep30_K64_eta0.1_clip1125_clipa10","15","0.2562764829616624","0.908","0.671795030030935","proxy_worst_loss_clip_min"
"camelyon17_loo_h1","1","P97","val_loss_only","rcgdro_softclip_p97_a10_cam_loo_h1cal","9","h0_do0.0_lr0.001_wd0.0001_bs512_ep30_K64_eta0.1_clip1125_clipa10","8","0.2398088615953493","0.9055","0.6830177376911211","proxy_worst_loss_clip_min"
"camelyon17_loo_h1","1","P99","proxy_only","rcgdro_softclip_p99_a10_cam_loo_h1cal","9","h0_do0.0_lr0.001_wd0.0001_bs512_ep30_K64_eta0.1_clip2132_clipa10","2","0.2815223455848076","0.8865","0.8426785769682339","proxy_worst_loss_clip_min"
"camelyon17_loo_h1","1","P99","val_loss_only","rcgdro_softclip_p99_a10_cam_loo_h1cal","9","h0_do0.0_lr0.001_wd0.0001_bs512_ep30_K64_eta0.1_clip2132_clipa10","29","0.2671816974565662","0.8895","0.8875377718000091","proxy_worst_loss_clip_min"
"camelyon17_loo_h1","1","baseline","baseline","rcgdro","9","h0_do0.0_lr0.001_wd0.0001_bs512_ep30_K64_eta0.1","3","0.2568542909094649","0.897","0.7865501048664252","proxy_worst_loss_min"
"camelyon17_loo_h2","2","P95","proxy_only","rcgdro_softclip_p95_a10_cam_loo_h2cal","0","h0_do0.0_lr0.001_wd0.0001_bs512_ep30_K64_eta0.1_clip738_clipa10","14","0.2499299661266469","0.914","0.5555214593964879","proxy_worst_loss_clip_min"
"camelyon17_loo_h2","2","P95","val_loss_only","rcgdro_softclip_p95_a10_cam_loo_h2cal","0","h0_do0.0_lr0.001_wd0.0001_bs512_ep30_K64_eta0.1_clip738_clipa10","4","0.2345787304892818","0.9135","0.6169220597260241","proxy_worst_loss_clip_min"
"camelyon17_loo_h2","2","P97","proxy_only","rcgdro_softclip_p97_a10_cam_loo_h2cal","0","h0_do0.0_lr0.001_wd0.0001_bs512_ep30_K64_eta0.1_clip1134_clipa10","23","0.2697450200271646","0.902","0.645092849711022","proxy_worst_loss_clip_min"
"camelyon17_loo_h2","2","P97","val_loss_only","rcgdro_softclip_p97_a10_cam_loo_h2cal","0","h0_do0.0_lr0.001_wd0.0001_bs512_ep30_K64_eta0.1_clip1134_clipa10","4","0.2239522965814032","0.911","0.6854517972021535","proxy_worst_loss_clip_min"
"camelyon17_loo_h2","2","P99","proxy_only","rcgdro_softclip_p99_a10_cam_loo_h2cal","0","h0_do0.0_lr0.001_wd0.0001_bs512_ep30_K64_eta0.1_clip2102_clipa10","9","0.223653143053431","0.9165","0.6590552551841193","proxy_worst_loss_clip_min"
"camelyon17_loo_h2","2","P99","val_loss_only","rcgdro_softclip_p99_a10_cam_loo_h2cal","0","h0_do0.0_lr0.001_wd0.0001_bs512_ep30_K64_eta0.1_clip2102_clipa10","7","0.2165693287566978","0.921","0.6960172072052956","proxy_worst_loss_clip_min"
"camelyon17_loo_h2","2","baseline","baseline","rcgdro","0","h0_do0.0_lr0.001_wd0.0001_bs512_ep30_K64_eta0.1","5","0.2184736984317569","0.929","0.6619662054880856","proxy_worst_loss_min"
"camelyon17_loo_h2","2","P95","proxy_only","rcgdro_softclip_p95_a10_cam_loo_h2cal","1","h0_do0.0_lr0.001_wd0.0001_bs512_ep30_K64_eta0.1_clip738_clipa10","20","0.3185183578346689","0.8805","0.5323546869289724","proxy_worst_loss_clip_min"
"camelyon17_loo_h2","2","P95","val_loss_only","rcgdro_softclip_p95_a10_cam_loo_h2cal","1","h0_do0.0_lr0.001_wd0.0001_bs512_ep30_K64_eta0.1_clip738_clipa10","12","0.2246287149702587","0.9165","0.6256436051632086","proxy_worst_loss_clip_min"
"camelyon17_loo_h2","2","P97","proxy_only","rcgdro_softclip_p97_a10_cam_loo_h2cal","1","h0_do0.0_lr0.001_wd0.0001_bs512_ep30_K64_eta0.1_clip1134_clipa10","26","0.2330511879888422","0.9185","0.687550359780537","proxy_worst_loss_clip_min"
"camelyon17_loo_h2","2","P97","val_loss_only","rcgdro_softclip_p97_a10_cam_loo_h2cal","1","h0_do0.0_lr0.001_wd0.0001_bs512_ep30_K64_eta0.1_clip1134_clipa10","26","0.2330511879888422","0.9185","0.687550359780537","proxy_worst_loss_clip_min"
"camelyon17_loo_h2","2","P99","proxy_only","rcgdro_softclip_p99_a10_cam_loo_h2cal","1","h0_do0.0_lr0.001_wd0.0001_bs512_ep30_K64_eta0.1_clip2102_clipa10","16","0.2085308090639373","0.927","0.6371319632961335","proxy_worst_loss_clip_min"
"camelyon17_loo_h2","2","P99","val_loss_only","rcgdro_softclip_p99_a10_cam_loo_h2cal","1","h0_do0.0_lr0.001_wd0.0001_bs512_ep30_K64_eta0.1_clip2102_clipa10","16","0.2085308090639373","0.927","0.6371319632961335","proxy_worst_loss_clip_min"
"camelyon17_loo_h2","2","baseline","baseline","rcgdro","1","h0_do0.0_lr0.001_wd0.0001_bs512_ep30_K64_eta0.1","2","0.253846411233957","0.9055","0.7216587938142545","proxy_worst_loss_min"
"camelyon17_loo_h2","2","P95","proxy_only","rcgdro_softclip_p95_a10_cam_loo_h2cal","2","h0_do0.0_lr0.001_wd0.0001_bs512_ep30_K64_eta0.1_clip738_clipa10","16","0.2297229991078191","0.923","0.5526754307136221","proxy_worst_loss_clip_min"
"camelyon17_loo_h2","2","P95","val_loss_only","rcgdro_softclip_p95_a10_cam_loo_h2cal","2","h0_do0.0_lr0.001_wd0.0001_bs512_ep30_K64_eta0.1_clip738_clipa10","14","0.2288319864727034","0.9165","0.6091479183631969","proxy_worst_loss_clip_min"
"camelyon17_loo_h2","2","P97","proxy_only","rcgdro_softclip_p97_a10_cam_loo_h2cal","2","h0_do0.0_lr0.001_wd0.0001_bs512_ep30_K64_eta0.1_clip1134_clipa10","26","0.2212654293860044","0.916","0.686333677129729","proxy_worst_loss_clip_min"
"camelyon17_loo_h2","2","P97","val_loss_only","rcgdro_softclip_p97_a10_cam_loo_h2cal","2","h0_do0.0_lr0.001_wd0.0001_bs512_ep30_K64_eta0.1_clip1134_clipa10","26","0.2212654293860044","0.916","0.686333677129729","proxy_worst_loss_clip_min"
"camelyon17_loo_h2","2","P99","proxy_only","rcgdro_softclip_p99_a10_cam_loo_h2cal","2","h0_do0.0_lr0.001_wd0.0001_bs512_ep30_K64_eta0.1_clip2102_clipa10","27","0.2180655436010201","0.921","0.7003176604213857","proxy_worst_loss_clip_min"
"camelyon17_loo_h2","2","P99","val_loss_only","rcgdro_softclip_p99_a10_cam_loo_h2cal","2","h0_do0.0_lr0.001_wd0.0001_bs512_ep30_K64_eta0.1_clip2102_clipa10","27","0.2180655436010201","0.921","0.7003176604213857","proxy_worst_loss_clip_min"
"camelyon17_loo_h2","2","baseline","baseline","rcgdro","2","h0_do0.0_lr0.001_wd0.0001_bs512_ep30_K64_eta0.1","11","0.2044390292244775","0.927","0.6612111356149437","proxy_worst_loss_min"
"camelyon17_loo_h2","2","P95","proxy_only","rcgdro_softclip_p95_a10_cam_loo_h2cal","3","h0_do0.0_lr0.001_wd0.0001_bs512_ep30_K64_eta0.1_clip738_clipa10","3","0.2474079160621494","0.9155","0.5248421371160628","proxy_worst_loss_clip_min"
"camelyon17_loo_h2","2","P95","val_loss_only","rcgdro_softclip_p95_a10_cam_loo_h2cal","3","h0_do0.0_lr0.001_wd0.0001_bs512_ep30_K64_eta0.1_clip738_clipa10","13","0.2439739333177539","0.909","0.5868786200376108","proxy_worst_loss_clip_min"
"camelyon17_loo_h2","2","P97","proxy_only","rcgdro_softclip_p97_a10_cam_loo_h2cal","3","h0_do0.0_lr0.001_wd0.0001_bs512_ep30_K64_eta0.1_clip1134_clipa10","3","0.2451540701678689","0.913","0.6837282608754875","proxy_worst_loss_clip_min"
"camelyon17_loo_h2","2","P97","val_loss_only","rcgdro_softclip_p97_a10_cam_loo_h2cal","3","h0_do0.0_lr0.001_wd0.0001_bs512_ep30_K64_eta0.1_clip1134_clipa10","12","0.2290581011329049","0.912","0.7208529535751756","proxy_worst_loss_clip_min"
"camelyon17_loo_h2","2","P99","proxy_only","rcgdro_softclip_p99_a10_cam_loo_h2cal","3","h0_do0.0_lr0.001_wd0.0001_bs512_ep30_K64_eta0.1_clip2102_clipa10","5","0.2190506254231841","0.922","0.6520078657215","proxy_worst_loss_clip_min"
"camelyon17_loo_h2","2","P99","val_loss_only","rcgdro_softclip_p99_a10_cam_loo_h2cal","3","h0_do0.0_lr0.001_wd0.0001_bs512_ep30_K64_eta0.1_clip2102_clipa10","5","0.2190506254231841","0.922","0.6520078657215","proxy_worst_loss_clip_min"
"camelyon17_loo_h2","2","baseline","baseline","rcgdro","3","h0_do0.0_lr0.001_wd0.0001_bs512_ep30_K64_eta0.1","5","0.2060875131321554","0.9315","0.6326936703375591","proxy_worst_loss_min"
"camelyon17_loo_h2","2","P95","proxy_only","rcgdro_softclip_p95_a10_cam_loo_h2cal","4","h0_do0.0_lr0.001_wd0.0001_bs512_ep30_K64_eta0.1_clip738_clipa10","10","0.2407615848309221","0.9175","0.5662836445086243","proxy_worst_loss_clip_min"
"camelyon17_loo_h2","2","P95","val_loss_only","rcgdro_softclip_p95_a10_cam_loo_h2cal","4","h0_do0.0_lr0.001_wd0.0001_bs512_ep30_K64_eta0.1_clip738_clipa10","6","0.2332229655051692","0.916","0.643203394532134","proxy_worst_loss_clip_min"
"camelyon17_loo_h2","2","P97","proxy_only","rcgdro_softclip_p97_a10_cam_loo_h2cal","4","h0_do0.0_lr0.001_wd0.0001_bs512_ep30_K64_eta0.1_clip1134_clipa10","7","0.2478699842733587","0.9115","0.6834620755533876","proxy_worst_loss_clip_min"
"camelyon17_loo_h2","2","P97","val_loss_only","rcgdro_softclip_p97_a10_cam_loo_h2cal","4","h0_do0.0_lr0.001_wd0.0001_bs512_ep30_K64_eta0.1_clip1134_clipa10","5","0.2308262360162557","0.911","0.7549214875233993","proxy_worst_loss_clip_min"
"camelyon17_loo_h2","2","P99","proxy_only","rcgdro_softclip_p99_a10_cam_loo_h2cal","4","h0_do0.0_lr0.001_wd0.0001_bs512_ep30_K64_eta0.1_clip2102_clipa10","1","0.2464900591079422","0.9065","0.7474325040976206","proxy_worst_loss_clip_min"
"camelyon17_loo_h2","2","P99","val_loss_only","rcgdro_softclip_p99_a10_cam_loo_h2cal","4","h0_do0.0_lr0.001_wd0.0001_bs512_ep30_K64_eta0.1_clip2102_clipa10","1","0.2464900591079422","0.9065","0.7474325040976206","proxy_worst_loss_clip_min"
"camelyon17_loo_h2","2","baseline","baseline","rcgdro","4","h0_do0.0_lr0.001_wd0.0001_bs512_ep30_K64_eta0.1","7","0.1979116789734744","0.931","0.6149508380353859","proxy_worst_loss_min"
"camelyon17_loo_h2","2","P95","proxy_only","rcgdro_softclip_p95_a10_cam_loo_h2cal","5","h0_do0.0_lr0.001_wd0.0001_bs512_ep30_K64_eta0.1_clip738_clipa10","1","0.2376850197461676","0.909","0.559397543554943","proxy_worst_loss_clip_min"
"camelyon17_loo_h2","2","P95","val_loss_only","rcgdro_softclip_p95_a10_cam_loo_h2cal","5","h0_do0.0_lr0.001_wd0.0001_bs512_ep30_K64_eta0.1_clip738_clipa10","6","0.2354661614168924","0.913","0.5985612646321261","proxy_worst_loss_clip_min"
"camelyon17_loo_h2","2","P97","proxy_only","rcgdro_softclip_p97_a10_cam_loo_h2cal","5","h0_do0.0_lr0.001_wd0.0001_bs512_ep30_K64_eta0.1_clip1134_clipa10","5","0.2258173127493732","0.915","0.6854276715035883","proxy_worst_loss_clip_min"
"camelyon17_loo_h2","2","P97","val_loss_only","rcgdro_softclip_p97_a10_cam_loo_h2cal","5","h0_do0.0_lr0.001_wd0.0001_bs512_ep30_K64_eta0.1_clip1134_clipa10","5","0.2258173127493732","0.915","0.6854276715035883","proxy_worst_loss_clip_min"
"camelyon17_loo_h2","2","P99","proxy_only","rcgdro_softclip_p99_a10_cam_loo_h2cal","5","h0_do0.0_lr0.001_wd0.0001_bs512_ep30_K64_eta0.1_clip2102_clipa10","22","0.2126144717983676","0.926","0.669618606625877","proxy_worst_loss_clip_min"
"camelyon17_loo_h2","2","P99","val_loss_only","rcgdro_softclip_p99_a10_cam_loo_h2cal","5","h0_do0.0_lr0.001_wd0.0001_bs512_ep30_K64_eta0.1_clip2102_clipa10","16","0.2104179214732995","0.9235","0.6964731961488724","proxy_worst_loss_clip_min"
"camelyon17_loo_h2","2","baseline","baseline","rcgdro","5","h0_do0.0_lr0.001_wd0.0001_bs512_ep30_K64_eta0.1","9","0.2063648264746116","0.929","0.6577818145354588","proxy_worst_loss_min"
"camelyon17_loo_h2","2","P95","proxy_only","rcgdro_softclip_p95_a10_cam_loo_h2cal","6","h0_do0.0_lr0.001_wd0.0001_bs512_ep30_K64_eta0.1_clip738_clipa10","12","0.2287875279873409","0.9205","0.5282194464998201","proxy_worst_loss_clip_min"
"camelyon17_loo_h2","2","P95","val_loss_only","rcgdro_softclip_p95_a10_cam_loo_h2cal","6","h0_do0.0_lr0.001_wd0.0001_bs512_ep30_K64_eta0.1_clip738_clipa10","12","0.2287875279873409","0.9205","0.5282194464998201","proxy_worst_loss_clip_min"
"camelyon17_loo_h2","2","P97","proxy_only","rcgdro_softclip_p97_a10_cam_loo_h2cal","6","h0_do0.0_lr0.001_wd0.0001_bs512_ep30_K64_eta0.1_clip1134_clipa10","19","0.2495273305294651","0.911","0.6762605803307756","proxy_worst_loss_clip_min"
"camelyon17_loo_h2","2","P97","val_loss_only","rcgdro_softclip_p97_a10_cam_loo_h2cal","6","h0_do0.0_lr0.001_wd0.0001_bs512_ep30_K64_eta0.1_clip1134_clipa10","18","0.2404648435974095","0.9115","0.7786884287611595","proxy_worst_loss_clip_min"
"camelyon17_loo_h2","2","P99","proxy_only","rcgdro_softclip_p99_a10_cam_loo_h2cal","6","h0_do0.0_lr0.001_wd0.0001_bs512_ep30_K64_eta0.1_clip2102_clipa10","3","0.2382237505197881","0.909","0.7262541522842743","proxy_worst_loss_clip_min"
"camelyon17_loo_h2","2","P99","val_loss_only","rcgdro_softclip_p99_a10_cam_loo_h2cal","6","h0_do0.0_lr0.001_wd0.0001_bs512_ep30_K64_eta0.1_clip2102_clipa10","3","0.2382237505197881","0.909","0.7262541522842743","proxy_worst_loss_clip_min"
"camelyon17_loo_h2","2","baseline","baseline","rcgdro","6","h0_do0.0_lr0.001_wd0.0001_bs512_ep30_K64_eta0.1","3","0.2320564336742027","0.9165","0.6864853217425817","proxy_worst_loss_min"
"camelyon17_loo_h2","2","P95","proxy_only","rcgdro_softclip_p95_a10_cam_loo_h2cal","7","h0_do0.0_lr0.001_wd0.0001_bs512_ep30_K64_eta0.1_clip738_clipa10","30","0.3117612808652941","0.888","0.5357347796350891","proxy_worst_loss_clip_min"
"camelyon17_loo_h2","2","P95","val_loss_only","rcgdro_softclip_p95_a10_cam_loo_h2cal","7","h0_do0.0_lr0.001_wd0.0001_bs512_ep30_K64_eta0.1_clip738_clipa10","1","0.2512203901322659","0.9065","0.5641022858422192","proxy_worst_loss_clip_min"
"camelyon17_loo_h2","2","P97","proxy_only","rcgdro_softclip_p97_a10_cam_loo_h2cal","7","h0_do0.0_lr0.001_wd0.0001_bs512_ep30_K64_eta0.1_clip1134_clipa10","3","0.230788436374763","0.918","0.6259815003863046","proxy_worst_loss_clip_min"
"camelyon17_loo_h2","2","P97","val_loss_only","rcgdro_softclip_p97_a10_cam_loo_h2cal","7","h0_do0.0_lr0.001_wd0.0001_bs512_ep30_K64_eta0.1_clip1134_clipa10","12","0.2294463483149963","0.9125","0.707259063765752","proxy_worst_loss_clip_min"
"camelyon17_loo_h2","2","P99","proxy_only","rcgdro_softclip_p99_a10_cam_loo_h2cal","7","h0_do0.0_lr0.001_wd0.0001_bs512_ep30_K64_eta0.1_clip2102_clipa10","6","0.2442110232541163","0.9115","0.7044138876777707","proxy_worst_loss_clip_min"
"camelyon17_loo_h2","2","P99","val_loss_only","rcgdro_softclip_p99_a10_cam_loo_h2cal","7","h0_do0.0_lr0.001_wd0.0001_bs512_ep30_K64_eta0.1_clip2102_clipa10","28","0.2222349520407912","0.9115","0.7211981568372611","proxy_worst_loss_clip_min"
"camelyon17_loo_h2","2","baseline","baseline","rcgdro","7","h0_do0.0_lr0.001_wd0.0001_bs512_ep30_K64_eta0.1","8","0.2290439539072913","0.9185","0.69610150406758","proxy_worst_loss_min"
"camelyon17_loo_h2","2","P95","proxy_only","rcgdro_softclip_p95_a10_cam_loo_h2cal","8","h0_do0.0_lr0.001_wd0.0001_bs512_ep30_K64_eta0.1_clip738_clipa10","8","0.2564767861447903","0.8945","0.5536222139180413","proxy_worst_loss_clip_min"
"camelyon17_loo_h2","2","P95","val_loss_only","rcgdro_softclip_p95_a10_cam_loo_h2cal","8","h0_do0.0_lr0.001_wd0.0001_bs512_ep30_K64_eta0.1_clip738_clipa10","1","0.2507691255302379","0.9095","0.5576967837129521","proxy_worst_loss_clip_min"
"camelyon17_loo_h2","2","P97","proxy_only","rcgdro_softclip_p97_a10_cam_loo_h2cal","8","h0_do0.0_lr0.001_wd0.0001_bs512_ep30_K64_eta0.1_clip1134_clipa10","1","0.2412964989248521","0.9145","0.6586119143156002","proxy_worst_loss_clip_min"
"camelyon17_loo_h2","2","P97","val_loss_only","rcgdro_softclip_p97_a10_cam_loo_h2cal","8","h0_do0.0_lr0.001_wd0.0001_bs512_ep30_K64_eta0.1_clip1134_clipa10","8","0.2224026123501595","0.915","0.705740211573533","proxy_worst_loss_clip_min"
"camelyon17_loo_h2","2","P99","proxy_only","rcgdro_softclip_p99_a10_cam_loo_h2cal","8","h0_do0.0_lr0.001_wd0.0001_bs512_ep30_K64_eta0.1_clip2102_clipa10","11","0.2112303039591089","0.9205","0.6525055053107667","proxy_worst_loss_clip_min"
"camelyon17_loo_h2","2","P99","val_loss_only","rcgdro_softclip_p99_a10_cam_loo_h2cal","8","h0_do0.0_lr0.001_wd0.0001_bs512_ep30_K64_eta0.1_clip2102_clipa10","24","0.2103771250051443","0.919","0.6883968219161034","proxy_worst_loss_clip_min"
"camelyon17_loo_h2","2","baseline","baseline","rcgdro","8","h0_do0.0_lr0.001_wd0.0001_bs512_ep30_K64_eta0.1","5","0.2038295098654052","0.93","0.6384945237537516","proxy_worst_loss_min"
"camelyon17_loo_h2","2","P95","proxy_only","rcgdro_softclip_p95_a10_cam_loo_h2cal","9","h0_do0.0_lr0.001_wd0.0001_bs512_ep30_K64_eta0.1_clip738_clipa10","1","0.2333092159191742","0.9125","0.5501244370288988","proxy_worst_loss_clip_min"
"camelyon17_loo_h2","2","P95","val_loss_only","rcgdro_softclip_p95_a10_cam_loo_h2cal","9","h0_do0.0_lr0.001_wd0.0001_bs512_ep30_K64_eta0.1_clip738_clipa10","1","0.2333092159191742","0.9125","0.5501244370288988","proxy_worst_loss_clip_min"
"camelyon17_loo_h2","2","P97","proxy_only","rcgdro_softclip_p97_a10_cam_loo_h2cal","9","h0_do0.0_lr0.001_wd0.0001_bs512_ep30_K64_eta0.1_clip1134_clipa10","22","0.2376242265822276","0.922","0.6625259748642776","proxy_worst_loss_clip_min"
"camelyon17_loo_h2","2","P97","val_loss_only","rcgdro_softclip_p97_a10_cam_loo_h2cal","9","h0_do0.0_lr0.001_wd0.0001_bs512_ep30_K64_eta0.1_clip1134_clipa10","1","0.2243058620030115","0.914","0.6675378602069985","proxy_worst_loss_clip_min"
"camelyon17_loo_h2","2","P99","proxy_only","rcgdro_softclip_p99_a10_cam_loo_h2cal","9","h0_do0.0_lr0.001_wd0.0001_bs512_ep30_K64_eta0.1_clip2102_clipa10","15","0.2068490131609999","0.925","0.6394832444012655","proxy_worst_loss_clip_min"
"camelyon17_loo_h2","2","P99","val_loss_only","rcgdro_softclip_p99_a10_cam_loo_h2cal","9","h0_do0.0_lr0.001_wd0.0001_bs512_ep30_K64_eta0.1_clip2102_clipa10","15","0.2068490131609999","0.925","0.6394832444012655","proxy_worst_loss_clip_min"
"camelyon17_loo_h2","2","baseline","baseline","rcgdro","9","h0_do0.0_lr0.001_wd0.0001_bs512_ep30_K64_eta0.1","3","0.2277162704979382","0.9235","0.6573676586151123","proxy_worst_loss_min"
"camelyon17_loo_h3","3","P95","proxy_only","rcgdro_softclip_p95_a10_cam_loo_h3cal","0","h0_do0.0_lr0.001_wd0.0001_bs512_ep30_K64_eta0.1_clip782_clipa10","4","0.2199493542687649","0.9325","0.5365561767952498","proxy_worst_loss_clip_min"
"camelyon17_loo_h3","3","P95","val_loss_only","rcgdro_softclip_p95_a10_cam_loo_h3cal","0","h0_do0.0_lr0.001_wd0.0001_bs512_ep30_K64_eta0.1_clip782_clipa10","18","0.1876784180534936","0.943","0.5489277669846595","proxy_worst_loss_clip_min"
"camelyon17_loo_h3","3","P97","proxy_only","rcgdro_softclip_p97_a10_cam_loo_h3cal","0","h0_do0.0_lr0.001_wd0.0001_bs512_ep30_K64_eta0.1_clip1185_clipa10","9","0.1750883039220474","0.944","0.567182986355357","proxy_worst_loss_clip_min"
"camelyon17_loo_h3","3","P97","val_loss_only","rcgdro_softclip_p97_a10_cam_loo_h3cal","0","h0_do0.0_lr0.001_wd0.0001_bs512_ep30_K64_eta0.1_clip1185_clipa10","21","0.1741429545688444","0.9455","0.6051489561303588","proxy_worst_loss_clip_min"
"camelyon17_loo_h3","3","P99","proxy_only","rcgdro_softclip_p99_a10_cam_loo_h3cal","0","h0_do0.0_lr0.001_wd0.0001_bs512_ep30_K64_eta0.1_clip2145_clipa10","15","0.1868429079838083","0.9365","0.6860658443636365","proxy_worst_loss_clip_min"
"camelyon17_loo_h3","3","P99","val_loss_only","rcgdro_softclip_p99_a10_cam_loo_h3cal","0","h0_do0.0_lr0.001_wd0.0001_bs512_ep30_K64_eta0.1_clip2145_clipa10","12","0.1814986349367491","0.94","0.7108992678780908","proxy_worst_loss_clip_min"
"camelyon17_loo_h3","3","baseline","baseline","rcgdro","0","h0_do0.0_lr0.001_wd0.0001_bs512_ep30_K64_eta0.1","2","0.2263901750855802","0.9345","0.7473345611776625","proxy_worst_loss_min"
"camelyon17_loo_h3","3","P95","proxy_only","rcgdro_softclip_p95_a10_cam_loo_h3cal","1","h0_do0.0_lr0.001_wd0.0001_bs512_ep30_K64_eta0.1_clip782_clipa10","6","0.2458182786860502","0.936","0.5401234022559434","proxy_worst_loss_clip_min"
"camelyon17_loo_h3","3","P95","val_loss_only","rcgdro_softclip_p95_a10_cam_loo_h3cal","1","h0_do0.0_lr0.001_wd0.0001_bs512_ep30_K64_eta0.1_clip782_clipa10","29","0.179992484481384","0.9435","0.5434894776180619","proxy_worst_loss_clip_min"
"camelyon17_loo_h3","3","P97","proxy_only","rcgdro_softclip_p97_a10_cam_loo_h3cal","1","h0_do0.0_lr0.001_wd0.0001_bs512_ep30_K64_eta0.1_clip1185_clipa10","10","0.1640429917793007","0.9465","0.5814028527399292","proxy_worst_loss_clip_min"
"camelyon17_loo_h3","3","P97","val_loss_only","rcgdro_softclip_p97_a10_cam_loo_h3cal","1","h0_do0.0_lr0.001_wd0.0001_bs512_ep30_K64_eta0.1_clip1185_clipa10","10","0.1640429917793007","0.9465","0.5814028527399292","proxy_worst_loss_clip_min"
"camelyon17_loo_h3","3","P99","proxy_only","rcgdro_softclip_p99_a10_cam_loo_h3cal","1","h0_do0.0_lr0.001_wd0.0001_bs512_ep30_K64_eta0.1_clip2145_clipa10","22","0.1732696825696621","0.939","0.680640941538981","proxy_worst_loss_clip_min"
"camelyon17_loo_h3","3","P99","val_loss_only","rcgdro_softclip_p99_a10_cam_loo_h3cal","1","h0_do0.0_lr0.001_wd0.0001_bs512_ep30_K64_eta0.1_clip2145_clipa10","22","0.1732696825696621","0.939","0.680640941538981","proxy_worst_loss_clip_min"
"camelyon17_loo_h3","3","baseline","baseline","rcgdro","1","h0_do0.0_lr0.001_wd0.0001_bs512_ep30_K64_eta0.1","4","0.2406806201278705","0.93","0.693994200868266","proxy_worst_loss_min"
"camelyon17_loo_h3","3","P95","proxy_only","rcgdro_softclip_p95_a10_cam_loo_h3cal","2","h0_do0.0_lr0.001_wd0.0001_bs512_ep30_K64_eta0.1_clip782_clipa10","4","0.2141898204126474","0.9315","0.5172729974113015","proxy_worst_loss_clip_min"
"camelyon17_loo_h3","3","P95","val_loss_only","rcgdro_softclip_p95_a10_cam_loo_h3cal","2","h0_do0.0_lr0.001_wd0.0001_bs512_ep30_K64_eta0.1_clip782_clipa10","17","0.1931405082579508","0.931","0.6418108666981841","proxy_worst_loss_clip_min"
"camelyon17_loo_h3","3","P97","proxy_only","rcgdro_softclip_p97_a10_cam_loo_h3cal","2","h0_do0.0_lr0.001_wd0.0001_bs512_ep30_K64_eta0.1_clip1185_clipa10","10","0.1653093853629956","0.9455","0.5779958458170269","proxy_worst_loss_clip_min"
"camelyon17_loo_h3","3","P97","val_loss_only","rcgdro_softclip_p97_a10_cam_loo_h3cal","2","h0_do0.0_lr0.001_wd0.0001_bs512_ep30_K64_eta0.1_clip1185_clipa10","10","0.1653093853629956","0.9455","0.5779958458170269","proxy_worst_loss_clip_min"
"camelyon17_loo_h3","3","P99","proxy_only","rcgdro_softclip_p99_a10_cam_loo_h3cal","2","h0_do0.0_lr0.001_wd0.0001_bs512_ep30_K64_eta0.1_clip2145_clipa10","25","0.1737514471929791","0.9425","0.6592201944768299","proxy_worst_loss_clip_min"
"camelyon17_loo_h3","3","P99","val_loss_only","rcgdro_softclip_p99_a10_cam_loo_h3cal","2","h0_do0.0_lr0.001_wd0.0001_bs512_ep30_K64_eta0.1_clip2145_clipa10","25","0.1737514471929791","0.9425","0.6592201944768299","proxy_worst_loss_clip_min"
"camelyon17_loo_h3","3","baseline","baseline","rcgdro","2","h0_do0.0_lr0.001_wd0.0001_bs512_ep30_K64_eta0.1","2","0.2138717562289566","0.9405","0.696646044084004","proxy_worst_loss_min"
"camelyon17_loo_h3","3","P95","proxy_only","rcgdro_softclip_p95_a10_cam_loo_h3cal","3","h0_do0.0_lr0.001_wd0.0001_bs512_ep30_K64_eta0.1_clip782_clipa10","26","0.240058011471419","0.94","0.5125149452098394","proxy_worst_loss_clip_min"
"camelyon17_loo_h3","3","P95","val_loss_only","rcgdro_softclip_p95_a10_cam_loo_h3cal","3","h0_do0.0_lr0.001_wd0.0001_bs512_ep30_K64_eta0.1_clip782_clipa10","8","0.1751910025059949","0.9445","0.5228616066989544","proxy_worst_loss_clip_min"
"camelyon17_loo_h3","3","P97","proxy_only","rcgdro_softclip_p97_a10_cam_loo_h3cal","3","h0_do0.0_lr0.001_wd0.0001_bs512_ep30_K64_eta0.1_clip1185_clipa10","14","0.1623434610121513","0.945","0.5905513044196149","proxy_worst_loss_clip_min"
"camelyon17_loo_h3","3","P97","val_loss_only","rcgdro_softclip_p97_a10_cam_loo_h3cal","3","h0_do0.0_lr0.001_wd0.0001_bs512_ep30_K64_eta0.1_clip1185_clipa10","14","0.1623434610121513","0.945","0.5905513044196149","proxy_worst_loss_clip_min"
"camelyon17_loo_h3","3","P99","proxy_only","rcgdro_softclip_p99_a10_cam_loo_h3cal","3","h0_do0.0_lr0.001_wd0.0001_bs512_ep30_K64_eta0.1_clip2145_clipa10","28","0.2032396632577132","0.9445","0.6933694199166534","proxy_worst_loss_clip_min"
"camelyon17_loo_h3","3","P99","val_loss_only","rcgdro_softclip_p99_a10_cam_loo_h3cal","3","h0_do0.0_lr0.001_wd0.0001_bs512_ep30_K64_eta0.1_clip2145_clipa10","24","0.1738484451965701","0.9385","0.7594246986823535","proxy_worst_loss_clip_min"
"camelyon17_loo_h3","3","baseline","baseline","rcgdro","3","h0_do0.0_lr0.001_wd0.0001_bs512_ep30_K64_eta0.1","14","0.2044656345370276","0.935","0.7461874427362567","proxy_worst_loss_min"
"camelyon17_loo_h3","3","P95","proxy_only","rcgdro_softclip_p95_a10_cam_loo_h3cal","4","h0_do0.0_lr0.001_wd0.0001_bs512_ep30_K64_eta0.1_clip782_clipa10","8","0.195854967575134","0.946","0.5012073226283582","proxy_worst_loss_clip_min"
"camelyon17_loo_h3","3","P95","val_loss_only","rcgdro_softclip_p95_a10_cam_loo_h3cal","4","h0_do0.0_lr0.001_wd0.0001_bs512_ep30_K64_eta0.1_clip782_clipa10","14","0.1647503492365145","0.9445","0.5443599357968163","proxy_worst_loss_clip_min"
"camelyon17_loo_h3","3","P97","proxy_only","rcgdro_softclip_p97_a10_cam_loo_h3cal","4","h0_do0.0_lr0.001_wd0.0001_bs512_ep30_K64_eta0.1_clip1185_clipa10","2","0.2219387683287141","0.936","0.6038284338939177","proxy_worst_loss_clip_min"
"camelyon17_loo_h3","3","P97","val_loss_only","rcgdro_softclip_p97_a10_cam_loo_h3cal","4","h0_do0.0_lr0.001_wd0.0001_bs512_ep30_K64_eta0.1_clip1185_clipa10","12","0.1832592361656237","0.9355","0.6472994231260822","proxy_worst_loss_clip_min"
"camelyon17_loo_h3","3","P99","proxy_only","rcgdro_softclip_p99_a10_cam_loo_h3cal","4","h0_do0.0_lr0.001_wd0.0001_bs512_ep30_K64_eta0.1_clip2145_clipa10","7","0.2242989710206145","0.9245","0.7277159948434149","proxy_worst_loss_clip_min"
"camelyon17_loo_h3","3","P99","val_loss_only","rcgdro_softclip_p99_a10_cam_loo_h3cal","4","h0_do0.0_lr0.001_wd0.0001_bs512_ep30_K64_eta0.1_clip2145_clipa10","18","0.1918787912976741","0.936","0.7471608953816551","proxy_worst_loss_clip_min"
"camelyon17_loo_h3","3","baseline","baseline","rcgdro","4","h0_do0.0_lr0.001_wd0.0001_bs512_ep30_K64_eta0.1","26","0.1832815271266168","0.9395","0.7077839064101378","proxy_worst_loss_min"
"camelyon17_loo_h3","3","P95","proxy_only","rcgdro_softclip_p95_a10_cam_loo_h3cal","5","h0_do0.0_lr0.001_wd0.0001_bs512_ep30_K64_eta0.1_clip782_clipa10","23","0.3056217441879048","0.929","0.5516315388817441","proxy_worst_loss_clip_min"
"camelyon17_loo_h3","3","P95","val_loss_only","rcgdro_softclip_p95_a10_cam_loo_h3cal","5","h0_do0.0_lr0.001_wd0.0001_bs512_ep30_K64_eta0.1_clip782_clipa10","20","0.2012930446705138","0.9325","0.5798810732972676","proxy_worst_loss_clip_min"
"camelyon17_loo_h3","3","P97","proxy_only","rcgdro_softclip_p97_a10_cam_loo_h3cal","5","h0_do0.0_lr0.001_wd0.0001_bs512_ep30_K64_eta0.1_clip1185_clipa10","12","0.1720087647980419","0.945","0.5831148843143371","proxy_worst_loss_clip_min"
"camelyon17_loo_h3","3","P97","val_loss_only","rcgdro_softclip_p97_a10_cam_loo_h3cal","5","h0_do0.0_lr0.001_wd0.0001_bs512_ep30_K64_eta0.1_clip1185_clipa10","10","0.166437469416834","0.9475","0.5989854757781978","proxy_worst_loss_clip_min"
"camelyon17_loo_h3","3","P99","proxy_only","rcgdro_softclip_p99_a10_cam_loo_h3cal","5","h0_do0.0_lr0.001_wd0.0001_bs512_ep30_K64_eta0.1_clip2145_clipa10","23","0.1723822214005633","0.9425","0.6773017835758981","proxy_worst_loss_clip_min"
"camelyon17_loo_h3","3","P99","val_loss_only","rcgdro_softclip_p99_a10_cam_loo_h3cal","5","h0_do0.0_lr0.001_wd0.0001_bs512_ep30_K64_eta0.1_clip2145_clipa10","23","0.1723822214005633","0.9425","0.6773017835758981","proxy_worst_loss_clip_min"
"camelyon17_loo_h3","3","baseline","baseline","rcgdro","5","h0_do0.0_lr0.001_wd0.0001_bs512_ep30_K64_eta0.1","2","0.2205070157908267","0.937","0.7303741046360561","proxy_worst_loss_min"
"camelyon17_loo_h3","3","P95","proxy_only","rcgdro_softclip_p95_a10_cam_loo_h3cal","6","h0_do0.0_lr0.001_wd0.0001_bs512_ep30_K64_eta0.1_clip782_clipa10","6","0.1911853013958018","0.932","0.5227765722102982","proxy_worst_loss_clip_min"
"camelyon17_loo_h3","3","P95","val_loss_only","rcgdro_softclip_p95_a10_cam_loo_h3cal","6","h0_do0.0_lr0.001_wd0.0001_bs512_ep30_K64_eta0.1_clip782_clipa10","24","0.188291644974906","0.9305","0.6987602590033282","proxy_worst_loss_clip_min"
"camelyon17_loo_h3","3","P97","proxy_only","rcgdro_softclip_p97_a10_cam_loo_h3cal","6","h0_do0.0_lr0.001_wd0.0001_bs512_ep30_K64_eta0.1_clip1185_clipa10","19","0.168190529598145","0.9445","0.6041422741493823","proxy_worst_loss_clip_min"
"camelyon17_loo_h3","3","P97","val_loss_only","rcgdro_softclip_p97_a10_cam_loo_h3cal","6","h0_do0.0_lr0.001_wd0.0001_bs512_ep30_K64_eta0.1_clip1185_clipa10","19","0.168190529598145","0.9445","0.6041422741493823","proxy_worst_loss_clip_min"
"camelyon17_loo_h3","3","P99","proxy_only","rcgdro_softclip_p99_a10_cam_loo_h3cal","6","h0_do0.0_lr0.001_wd0.0001_bs512_ep30_K64_eta0.1_clip2145_clipa10","3","0.1965369589487127","0.939","0.6772561869805768","proxy_worst_loss_clip_min"
"camelyon17_loo_h3","3","P99","val_loss_only","rcgdro_softclip_p99_a10_cam_loo_h3cal","6","h0_do0.0_lr0.001_wd0.0001_bs512_ep30_K64_eta0.1_clip2145_clipa10","29","0.1571494682168618","0.945","0.7612911931349537","proxy_worst_loss_clip_min"
"camelyon17_loo_h3","3","baseline","baseline","rcgdro","6","h0_do0.0_lr0.001_wd0.0001_bs512_ep30_K64_eta0.1","3","0.2087249765051456","0.9435","0.684886941739491","proxy_worst_loss_min"
"camelyon17_loo_h3","3","P95","proxy_only","rcgdro_softclip_p95_a10_cam_loo_h3cal","7","h0_do0.0_lr0.001_wd0.0001_bs512_ep30_K64_eta0.1_clip782_clipa10","4","0.228243542477027","0.933","0.5305985222933288","proxy_worst_loss_clip_min"
"camelyon17_loo_h3","3","P95","val_loss_only","rcgdro_softclip_p95_a10_cam_loo_h3cal","7","h0_do0.0_lr0.001_wd0.0001_bs512_ep30_K64_eta0.1_clip782_clipa10","19","0.1977817575751069","0.9235","0.6784616705566271","proxy_worst_loss_clip_min"
"camelyon17_loo_h3","3","P97","proxy_only","rcgdro_softclip_p97_a10_cam_loo_h3cal","7","h0_do0.0_lr0.001_wd0.0001_bs512_ep30_K64_eta0.1_clip1185_clipa10","2","0.2265443149066368","0.9295","0.6397369640265121","proxy_worst_loss_clip_min"
"camelyon17_loo_h3","3","P97","val_loss_only","rcgdro_softclip_p97_a10_cam_loo_h3cal","7","h0_do0.0_lr0.001_wd0.0001_bs512_ep30_K64_eta0.1_clip1185_clipa10","7","0.1672262079022778","0.9365","0.667850699737998","proxy_worst_loss_clip_min"
"camelyon17_loo_h3","3","P99","proxy_only","rcgdro_softclip_p99_a10_cam_loo_h3cal","7","h0_do0.0_lr0.001_wd0.0001_bs512_ep30_K64_eta0.1_clip2145_clipa10","8","0.1745689307302409","0.943","0.6549435099411847","proxy_worst_loss_clip_min"
"camelyon17_loo_h3","3","P99","val_loss_only","rcgdro_softclip_p99_a10_cam_loo_h3cal","7","h0_do0.0_lr0.001_wd0.0001_bs512_ep30_K64_eta0.1_clip2145_clipa10","8","0.1745689307302409","0.943","0.6549435099411847","proxy_worst_loss_clip_min"
"camelyon17_loo_h3","3","baseline","baseline","rcgdro","7","h0_do0.0_lr0.001_wd0.0001_bs512_ep30_K64_eta0.1","2","0.2133372076387313","0.9385","0.7210129082202912","proxy_worst_loss_min"
"camelyon17_loo_h3","3","P95","proxy_only","rcgdro_softclip_p95_a10_cam_loo_h3cal","8","h0_do0.0_lr0.001_wd0.0001_bs512_ep30_K64_eta0.1_clip782_clipa10","4","0.2313177585450283","0.9295","0.5561645931043678","proxy_worst_loss_clip_min"
"camelyon17_loo_h3","3","P95","val_loss_only","rcgdro_softclip_p95_a10_cam_loo_h3cal","8","h0_do0.0_lr0.001_wd0.0001_bs512_ep30_K64_eta0.1_clip782_clipa10","25","0.2012882796226346","0.929","0.6585054004820079","proxy_worst_loss_clip_min"
"camelyon17_loo_h3","3","P97","proxy_only","rcgdro_softclip_p97_a10_cam_loo_h3cal","8","h0_do0.0_lr0.001_wd0.0001_bs512_ep30_K64_eta0.1_clip1185_clipa10","11","0.1738633601347933","0.946","0.5640773229934258","proxy_worst_loss_clip_min"
"camelyon17_loo_h3","3","P97","val_loss_only","rcgdro_softclip_p97_a10_cam_loo_h3cal","8","h0_do0.0_lr0.001_wd0.0001_bs512_ep30_K64_eta0.1_clip1185_clipa10","13","0.1724223391407464","0.9475","0.5886736625403977","proxy_worst_loss_clip_min"
"camelyon17_loo_h3","3","P99","proxy_only","rcgdro_softclip_p99_a10_cam_loo_h3cal","8","h0_do0.0_lr0.001_wd0.0001_bs512_ep30_K64_eta0.1_clip2145_clipa10","3","0.1938052166231591","0.934","0.7296582201761859","proxy_worst_loss_clip_min"
"camelyon17_loo_h3","3","P99","val_loss_only","rcgdro_softclip_p99_a10_cam_loo_h3cal","8","h0_do0.0_lr0.001_wd0.0001_bs512_ep30_K64_eta0.1_clip2145_clipa10","7","0.1909534655984816","0.9235","0.8485314822945579","proxy_worst_loss_clip_min"
"camelyon17_loo_h3","3","baseline","baseline","rcgdro","8","h0_do0.0_lr0.001_wd0.0001_bs512_ep30_K64_eta0.1","2","0.2258778550261413","0.935","0.7081061320645469","proxy_worst_loss_min"
"camelyon17_loo_h3","3","P95","proxy_only","rcgdro_softclip_p95_a10_cam_loo_h3cal","9","h0_do0.0_lr0.001_wd0.0001_bs512_ep30_K64_eta0.1_clip782_clipa10","20","0.2641377707664057","0.929","0.5459022943575951","proxy_worst_loss_clip_min"
"camelyon17_loo_h3","3","P95","val_loss_only","rcgdro_softclip_p95_a10_cam_loo_h3cal","9","h0_do0.0_lr0.001_wd0.0001_bs512_ep30_K64_eta0.1_clip782_clipa10","18","0.184719284568616","0.934","0.6046933983399365","proxy_worst_loss_clip_min"
"camelyon17_loo_h3","3","P97","proxy_only","rcgdro_softclip_p97_a10_cam_loo_h3cal","9","h0_do0.0_lr0.001_wd0.0001_bs512_ep30_K64_eta0.1_clip1185_clipa10","9","0.1741662483034395","0.947","0.5729529728157821","proxy_worst_loss_clip_min"
"camelyon17_loo_h3","3","P97","val_loss_only","rcgdro_softclip_p97_a10_cam_loo_h3cal","9","h0_do0.0_lr0.001_wd0.0001_bs512_ep30_K64_eta0.1_clip1185_clipa10","9","0.1741662483034395","0.947","0.5729529728157821","proxy_worst_loss_clip_min"
"camelyon17_loo_h3","3","P99","proxy_only","rcgdro_softclip_p99_a10_cam_loo_h3cal","9","h0_do0.0_lr0.001_wd0.0001_bs512_ep30_K64_eta0.1_clip2145_clipa10","28","0.1735395323324305","0.946","0.6682143705237793","proxy_worst_loss_clip_min"
"camelyon17_loo_h3","3","P99","val_loss_only","rcgdro_softclip_p99_a10_cam_loo_h3cal","9","h0_do0.0_lr0.001_wd0.0001_bs512_ep30_K64_eta0.1_clip2145_clipa10","28","0.1735395323324305","0.946","0.6682143705237793","proxy_worst_loss_clip_min"
"camelyon17_loo_h3","3","baseline","baseline","rcgdro","9","h0_do0.0_lr0.001_wd0.0001_bs512_ep30_K64_eta0.1","2","0.2155553606706307","0.9415","0.6954759218863078","proxy_worst_loss_min"
"camelyon17_loo_h4","4","P95","proxy_only","rcgdro_softclip_p95_a10_cam_loo_h4cal","0","h0_do0.0_lr0.001_wd0.0001_bs512_ep30_K64_eta0.1_clip861_clipa10","1","0.1949564651525525","0.925","0.5415180030187057","proxy_worst_loss_clip_min"
"camelyon17_loo_h4","4","P95","val_loss_only","rcgdro_softclip_p95_a10_cam_loo_h4cal","0","h0_do0.0_lr0.001_wd0.0001_bs512_ep30_K64_eta0.1_clip861_clipa10","11","0.1540432278005258","0.947","0.6052768700450624","proxy_worst_loss_clip_min"
"camelyon17_loo_h4","4","P97","proxy_only","rcgdro_softclip_p97_a10_cam_loo_h4cal","0","h0_do0.0_lr0.001_wd0.0001_bs512_ep30_K64_eta0.1_clip1302_clipa10","1","0.195340054377215","0.928","0.6403215020018018","proxy_worst_loss_clip_min"
"camelyon17_loo_h4","4","P97","val_loss_only","rcgdro_softclip_p97_a10_cam_loo_h4cal","0","h0_do0.0_lr0.001_wd0.0001_bs512_ep30_K64_eta0.1_clip1302_clipa10","19","0.1568956667674847","0.9455","0.68468972971207","proxy_worst_loss_clip_min"
"camelyon17_loo_h4","4","P99","proxy_only","rcgdro_softclip_p99_a10_cam_loo_h4cal","0","h0_do0.0_lr0.001_wd0.0001_bs512_ep30_K64_eta0.1_clip2256_clipa10","23","0.1328438314525463","0.952","0.5696939206682146","proxy_worst_loss_clip_min"
"camelyon17_loo_h4","4","P99","val_loss_only","rcgdro_softclip_p99_a10_cam_loo_h4cal","0","h0_do0.0_lr0.001_wd0.0001_bs512_ep30_K64_eta0.1_clip2256_clipa10","23","0.1328438314525463","0.952","0.5696939206682146","proxy_worst_loss_clip_min"
"camelyon17_loo_h4","4","baseline","baseline","rcgdro","0","h0_do0.0_lr0.001_wd0.0001_bs512_ep30_K64_eta0.1","25","0.1480180622740813","0.954","0.606787396944128","proxy_worst_loss_min"
"camelyon17_loo_h4","4","P95","proxy_only","rcgdro_softclip_p95_a10_cam_loo_h4cal","1","h0_do0.0_lr0.001_wd0.0001_bs512_ep30_K64_eta0.1_clip861_clipa10","7","0.1449915057725359","0.939","0.47372584568772313","proxy_worst_loss_clip_min"
"camelyon17_loo_h4","4","P95","val_loss_only","rcgdro_softclip_p95_a10_cam_loo_h4cal","1","h0_do0.0_lr0.001_wd0.0001_bs512_ep30_K64_eta0.1_clip861_clipa10","17","0.1357949152850005","0.9455","0.497569510165768","proxy_worst_loss_clip_min"
"camelyon17_loo_h4","4","P97","proxy_only","rcgdro_softclip_p97_a10_cam_loo_h4cal","1","h0_do0.0_lr0.001_wd0.0001_bs512_ep30_K64_eta0.1_clip1302_clipa10","7","0.1525314828326245","0.9505","0.5954757200587973","proxy_worst_loss_clip_min"
"camelyon17_loo_h4","4","P97","val_loss_only","rcgdro_softclip_p97_a10_cam_loo_h4cal","1","h0_do0.0_lr0.001_wd0.0001_bs512_ep30_K64_eta0.1_clip1302_clipa10","16","0.1425974335754876","0.949","0.6384284418603067","proxy_worst_loss_clip_min"
"camelyon17_loo_h4","4","P99","proxy_only","rcgdro_softclip_p99_a10_cam_loo_h4cal","1","h0_do0.0_lr0.001_wd0.0001_bs512_ep30_K64_eta0.1_clip2256_clipa10","5","0.15558077350854","0.9505","0.5724547239951789","proxy_worst_loss_clip_min"
"camelyon17_loo_h4","4","P99","val_loss_only","rcgdro_softclip_p99_a10_cam_loo_h4cal","1","h0_do0.0_lr0.001_wd0.0001_bs512_ep30_K64_eta0.1_clip2256_clipa10","16","0.1456374811518861","0.9465","0.743490018695505","proxy_worst_loss_clip_min"
"camelyon17_loo_h4","4","baseline","baseline","rcgdro","1","h0_do0.0_lr0.001_wd0.0001_bs512_ep30_K64_eta0.1","30","0.1737176692005569","0.945","0.6797071984037757","proxy_worst_loss_min"
"camelyon17_loo_h4","4","P95","proxy_only","rcgdro_softclip_p95_a10_cam_loo_h4cal","2","h0_do0.0_lr0.001_wd0.0001_bs512_ep30_K64_eta0.1_clip861_clipa10","12","0.139762468976696","0.9405","0.5044185725484274","proxy_worst_loss_clip_min"
"camelyon17_loo_h4","4","P95","val_loss_only","rcgdro_softclip_p95_a10_cam_loo_h4cal","2","h0_do0.0_lr0.001_wd0.0001_bs512_ep30_K64_eta0.1_clip861_clipa10","12","0.139762468976696","0.9405","0.5044185725484274","proxy_worst_loss_clip_min"
"camelyon17_loo_h4","4","P97","proxy_only","rcgdro_softclip_p97_a10_cam_loo_h4cal","2","h0_do0.0_lr0.001_wd0.0001_bs512_ep30_K64_eta0.1_clip1302_clipa10","24","0.1472779162079141","0.95","0.6161060884163216","proxy_worst_loss_clip_min"
"camelyon17_loo_h4","4","P97","val_loss_only","rcgdro_softclip_p97_a10_cam_loo_h4cal","2","h0_do0.0_lr0.001_wd0.0001_bs512_ep30_K64_eta0.1_clip1302_clipa10","3","0.14075118662569","0.95","0.6506458471836729","proxy_worst_loss_clip_min"
"camelyon17_loo_h4","4","P99","proxy_only","rcgdro_softclip_p99_a10_cam_loo_h4cal","2","h0_do0.0_lr0.001_wd0.0001_bs512_ep30_K64_eta0.1_clip2256_clipa10","11","0.1355394341085123","0.952","0.6536470318678766","proxy_worst_loss_clip_min"
"camelyon17_loo_h4","4","P99","val_loss_only","rcgdro_softclip_p99_a10_cam_loo_h4cal","2","h0_do0.0_lr0.001_wd0.0001_bs512_ep30_K64_eta0.1_clip2256_clipa10","11","0.1355394341085123","0.952","0.6536470318678766","proxy_worst_loss_clip_min"
"camelyon17_loo_h4","4","baseline","baseline","rcgdro","2","h0_do0.0_lr0.001_wd0.0001_bs512_ep30_K64_eta0.1","23","0.1420123936691375","0.953","0.626999017316848","proxy_worst_loss_min"
"camelyon17_loo_h4","4","P95","proxy_only","rcgdro_softclip_p95_a10_cam_loo_h4cal","3","h0_do0.0_lr0.001_wd0.0001_bs512_ep30_K64_eta0.1_clip861_clipa10","18","0.1531308103307887","0.9405","0.5093743788027202","proxy_worst_loss_clip_min"
"camelyon17_loo_h4","4","P95","val_loss_only","rcgdro_softclip_p95_a10_cam_loo_h4cal","3","h0_do0.0_lr0.001_wd0.0001_bs512_ep30_K64_eta0.1_clip861_clipa10","3","0.1379723813838686","0.946","0.5228854857913682","proxy_worst_loss_clip_min"
"camelyon17_loo_h4","4","P97","proxy_only","rcgdro_softclip_p97_a10_cam_loo_h4cal","3","h0_do0.0_lr0.001_wd0.0001_bs512_ep30_K64_eta0.1_clip1302_clipa10","5","0.1414478337424952","0.951","0.5707596007076798","proxy_worst_loss_clip_min"
"camelyon17_loo_h4","4","P97","val_loss_only","rcgdro_softclip_p97_a10_cam_loo_h4cal","3","h0_do0.0_lr0.001_wd0.0001_bs512_ep30_K64_eta0.1_clip1302_clipa10","5","0.1414478337424952","0.951","0.5707596007076798","proxy_worst_loss_clip_min"
"camelyon17_loo_h4","4","P99","proxy_only","rcgdro_softclip_p99_a10_cam_loo_h4cal","3","h0_do0.0_lr0.001_wd0.0001_bs512_ep30_K64_eta0.1_clip2256_clipa10","10","0.1892090606301826","0.9345","0.6902754178886572","proxy_worst_loss_clip_min"
"camelyon17_loo_h4","4","P99","val_loss_only","rcgdro_softclip_p99_a10_cam_loo_h4cal","3","h0_do0.0_lr0.001_wd0.0001_bs512_ep30_K64_eta0.1_clip2256_clipa10","27","0.1717704172596386","0.947","0.7223636233247817","proxy_worst_loss_clip_min"
"camelyon17_loo_h4","4","baseline","baseline","rcgdro","3","h0_do0.0_lr0.001_wd0.0001_bs512_ep30_K64_eta0.1","21","0.1878630784324268","0.94","0.7184291421435773","proxy_worst_loss_min"
"camelyon17_loo_h4","4","P95","proxy_only","rcgdro_softclip_p95_a10_cam_loo_h4cal","4","h0_do0.0_lr0.001_wd0.0001_bs512_ep30_K64_eta0.1_clip861_clipa10","9","0.1342587941822993","0.951","0.5060453800667641","proxy_worst_loss_clip_min"
"camelyon17_loo_h4","4","P95","val_loss_only","rcgdro_softclip_p95_a10_cam_loo_h4cal","4","h0_do0.0_lr0.001_wd0.0001_bs512_ep30_K64_eta0.1_clip861_clipa10","9","0.1342587941822993","0.951","0.5060453800667641","proxy_worst_loss_clip_min"
"camelyon17_loo_h4","4","P97","proxy_only","rcgdro_softclip_p97_a10_cam_loo_h4cal","4","h0_do0.0_lr0.001_wd0.0001_bs512_ep30_K64_eta0.1_clip1302_clipa10","9","0.1444461192599109","0.9375","0.5524427327854221","proxy_worst_loss_clip_min"
"camelyon17_loo_h4","4","P97","val_loss_only","rcgdro_softclip_p97_a10_cam_loo_h4cal","4","h0_do0.0_lr0.001_wd0.0001_bs512_ep30_K64_eta0.1_clip1302_clipa10","11","0.1407184717814485","0.9435","0.5856026096549863","proxy_worst_loss_clip_min"
"camelyon17_loo_h4","4","P99","proxy_only","rcgdro_softclip_p99_a10_cam_loo_h4cal","4","h0_do0.0_lr0.001_wd0.0001_bs512_ep30_K64_eta0.1_clip2256_clipa10","27","0.1500312130034508","0.945","0.6628813510760665","proxy_worst_loss_clip_min"
"camelyon17_loo_h4","4","P99","val_loss_only","rcgdro_softclip_p99_a10_cam_loo_h4cal","4","h0_do0.0_lr0.001_wd0.0001_bs512_ep30_K64_eta0.1_clip2256_clipa10","29","0.1374668848554361","0.947","0.7106234833481722","proxy_worst_loss_clip_min"
"camelyon17_loo_h4","4","baseline","baseline","rcgdro","4","h0_do0.0_lr0.001_wd0.0001_bs512_ep30_K64_eta0.1","2","0.2209880786562716","0.935","0.6813731521833688","proxy_worst_loss_min"
"camelyon17_loo_h4","4","P95","proxy_only","rcgdro_softclip_p95_a10_cam_loo_h4cal","5","h0_do0.0_lr0.001_wd0.0001_bs512_ep30_K64_eta0.1_clip861_clipa10","9","0.1315981985755793","0.947","0.4780719301311097","proxy_worst_loss_clip_min"
"camelyon17_loo_h4","4","P95","val_loss_only","rcgdro_softclip_p95_a10_cam_loo_h4cal","5","h0_do0.0_lr0.001_wd0.0001_bs512_ep30_K64_eta0.1_clip861_clipa10","9","0.1315981985755793","0.947","0.4780719301311097","proxy_worst_loss_clip_min"
"camelyon17_loo_h4","4","P97","proxy_only","rcgdro_softclip_p97_a10_cam_loo_h4cal","5","h0_do0.0_lr0.001_wd0.0001_bs512_ep30_K64_eta0.1_clip1302_clipa10","11","0.1310270090110298","0.9475","0.5624195851898799","proxy_worst_loss_clip_min"
"camelyon17_loo_h4","4","P97","val_loss_only","rcgdro_softclip_p97_a10_cam_loo_h4cal","5","h0_do0.0_lr0.001_wd0.0001_bs512_ep30_K64_eta0.1_clip1302_clipa10","11","0.1310270090110298","0.9475","0.5624195851898799","proxy_worst_loss_clip_min"
"camelyon17_loo_h4","4","P99","proxy_only","rcgdro_softclip_p99_a10_cam_loo_h4cal","5","h0_do0.0_lr0.001_wd0.0001_bs512_ep30_K64_eta0.1_clip2256_clipa10","27","0.132156869032994","0.9495","0.6597073809825815","proxy_worst_loss_clip_min"
"camelyon17_loo_h4","4","P99","val_loss_only","rcgdro_softclip_p99_a10_cam_loo_h4cal","5","h0_do0.0_lr0.001_wd0.0001_bs512_ep30_K64_eta0.1_clip2256_clipa10","27","0.132156869032994","0.9495","0.6597073809825815","proxy_worst_loss_clip_min"
"camelyon17_loo_h4","4","baseline","baseline","rcgdro","5","h0_do0.0_lr0.001_wd0.0001_bs512_ep30_K64_eta0.1","3","0.2013151466323033","0.94","0.6971232807263732","proxy_worst_loss_min"
"camelyon17_loo_h4","4","P95","proxy_only","rcgdro_softclip_p95_a10_cam_loo_h4cal","6","h0_do0.0_lr0.001_wd0.0001_bs512_ep30_K64_eta0.1_clip861_clipa10","7","0.1491794698881157","0.938","0.4744530465992365","proxy_worst_loss_clip_min"
"camelyon17_loo_h4","4","P95","val_loss_only","rcgdro_softclip_p95_a10_cam_loo_h4cal","6","h0_do0.0_lr0.001_wd0.0001_bs512_ep30_K64_eta0.1_clip861_clipa10","13","0.1419958313653075","0.9425","0.5058874581518548","proxy_worst_loss_clip_min"
"camelyon17_loo_h4","4","P97","proxy_only","rcgdro_softclip_p97_a10_cam_loo_h4cal","6","h0_do0.0_lr0.001_wd0.0001_bs512_ep30_K64_eta0.1_clip1302_clipa10","3","0.1553845669720849","0.943","0.6372406430057134","proxy_worst_loss_clip_min"
"camelyon17_loo_h4","4","P97","val_loss_only","rcgdro_softclip_p97_a10_cam_loo_h4cal","6","h0_do0.0_lr0.001_wd0.0001_bs512_ep30_K64_eta0.1_clip1302_clipa10","3","0.1553845669720849","0.943","0.6372406430057134","proxy_worst_loss_clip_min"
"camelyon17_loo_h4","4","P99","proxy_only","rcgdro_softclip_p99_a10_cam_loo_h4cal","6","h0_do0.0_lr0.001_wd0.0001_bs512_ep30_K64_eta0.1_clip2256_clipa10","21","0.1570596915146065","0.947","0.6155244424007833","proxy_worst_loss_clip_min"
"camelyon17_loo_h4","4","P99","val_loss_only","rcgdro_softclip_p99_a10_cam_loo_h4cal","6","h0_do0.0_lr0.001_wd0.0001_bs512_ep30_K64_eta0.1_clip2256_clipa10","30","0.1536884359668054","0.9495","0.6659540969412774","proxy_worst_loss_clip_min"
"camelyon17_loo_h4","4","baseline","baseline","rcgdro","6","h0_do0.0_lr0.001_wd0.0001_bs512_ep30_K64_eta0.1","13","0.1744213706915834","0.943","0.6695119789801538","proxy_worst_loss_min"
"camelyon17_loo_h4","4","P95","proxy_only","rcgdro_softclip_p95_a10_cam_loo_h4cal","7","h0_do0.0_lr0.001_wd0.0001_bs512_ep30_K64_eta0.1_clip861_clipa10","16","0.1385675904784809","0.945","0.48724122624699606","proxy_worst_loss_clip_min"
"camelyon17_loo_h4","4","P95","val_loss_only","rcgdro_softclip_p95_a10_cam_loo_h4cal","7","h0_do0.0_lr0.001_wd0.0001_bs512_ep30_K64_eta0.1_clip861_clipa10","14","0.1370633053164909","0.946","0.5013945395065735","proxy_worst_loss_clip_min"
"camelyon17_loo_h4","4","P97","proxy_only","rcgdro_softclip_p97_a10_cam_loo_h4cal","7","h0_do0.0_lr0.001_wd0.0001_bs512_ep30_K64_eta0.1_clip1302_clipa10","10","0.1490948379376193","0.944","0.6212826279046334","proxy_worst_loss_clip_min"
"camelyon17_loo_h4","4","P97","val_loss_only","rcgdro_softclip_p97_a10_cam_loo_h4cal","7","h0_do0.0_lr0.001_wd0.0001_bs512_ep30_K64_eta0.1_clip1302_clipa10","10","0.1490948379376193","0.944","0.6212826279046334","proxy_worst_loss_clip_min"
"camelyon17_loo_h4","4","P99","proxy_only","rcgdro_softclip_p99_a10_cam_loo_h4cal","7","h0_do0.0_lr0.001_wd0.0001_bs512_ep30_K64_eta0.1_clip2256_clipa10","26","0.1618714339941248","0.941","0.7229297228155762","proxy_worst_loss_clip_min"
"camelyon17_loo_h4","4","P99","val_loss_only","rcgdro_softclip_p99_a10_cam_loo_h4cal","7","h0_do0.0_lr0.001_wd0.0001_bs512_ep30_K64_eta0.1_clip2256_clipa10","28","0.1510236286322175","0.9445","0.7369319418212399","proxy_worst_loss_clip_min"
"camelyon17_loo_h4","4","baseline","baseline","rcgdro","7","h0_do0.0_lr0.001_wd0.0001_bs512_ep30_K64_eta0.1","9","0.1567012328903838","0.946","0.6346516199409962","proxy_worst_loss_min"
"camelyon17_loo_h4","4","P95","proxy_only","rcgdro_softclip_p95_a10_cam_loo_h4cal","8","h0_do0.0_lr0.001_wd0.0001_bs512_ep30_K64_eta0.1_clip861_clipa10","27","0.1373100524796225","0.9475","0.4946594188728234","proxy_worst_loss_clip_min"
"camelyon17_loo_h4","4","P95","val_loss_only","rcgdro_softclip_p95_a10_cam_loo_h4cal","8","h0_do0.0_lr0.001_wd0.0001_bs512_ep30_K64_eta0.1_clip861_clipa10","7","0.1369255897533388","0.9425","0.5044897312357455","proxy_worst_loss_clip_min"
"camelyon17_loo_h4","4","P97","proxy_only","rcgdro_softclip_p97_a10_cam_loo_h4cal","8","h0_do0.0_lr0.001_wd0.0001_bs512_ep30_K64_eta0.1_clip1302_clipa10","26","0.146403747322277","0.9465","0.5743428145808873","proxy_worst_loss_clip_min"
"camelyon17_loo_h4","4","P97","val_loss_only","rcgdro_softclip_p97_a10_cam_loo_h4cal","8","h0_do0.0_lr0.001_wd0.0001_bs512_ep30_K64_eta0.1_clip1302_clipa10","20","0.1365432784262821","0.9465","0.600087879150913","proxy_worst_loss_clip_min"
"camelyon17_loo_h4","4","P99","proxy_only","rcgdro_softclip_p99_a10_cam_loo_h4cal","8","h0_do0.0_lr0.001_wd0.0001_bs512_ep30_K64_eta0.1_clip2256_clipa10","15","0.1354406647387073","0.943","0.5942751955240086","proxy_worst_loss_clip_min"
"camelyon17_loo_h4","4","P99","val_loss_only","rcgdro_softclip_p99_a10_cam_loo_h4cal","8","h0_do0.0_lr0.001_wd0.0001_bs512_ep30_K64_eta0.1_clip2256_clipa10","15","0.1354406647387073","0.943","0.5942751955240086","proxy_worst_loss_clip_min"
"camelyon17_loo_h4","4","baseline","baseline","rcgdro","8","h0_do0.0_lr0.001_wd0.0001_bs512_ep30_K64_eta0.1","29","0.1497254432493118","0.952","0.6364728712942451","proxy_worst_loss_min"
"camelyon17_loo_h4","4","P95","proxy_only","rcgdro_softclip_p95_a10_cam_loo_h4cal","9","h0_do0.0_lr0.001_wd0.0001_bs512_ep30_K64_eta0.1_clip861_clipa10","19","0.1405203438482852","0.9465","0.47167827465539847","proxy_worst_loss_clip_min"
"camelyon17_loo_h4","4","P95","val_loss_only","rcgdro_softclip_p95_a10_cam_loo_h4cal","9","h0_do0.0_lr0.001_wd0.0001_bs512_ep30_K64_eta0.1_clip861_clipa10","11","0.1383263847268456","0.945","0.5092628754478644","proxy_worst_loss_clip_min"
"camelyon17_loo_h4","4","P97","proxy_only","rcgdro_softclip_p97_a10_cam_loo_h4cal","9","h0_do0.0_lr0.001_wd0.0001_bs512_ep30_K64_eta0.1_clip1302_clipa10","8","0.1423310337709221","0.95","0.6126435353927089","proxy_worst_loss_clip_min"
"camelyon17_loo_h4","4","P97","val_loss_only","rcgdro_softclip_p97_a10_cam_loo_h4cal","9","h0_do0.0_lr0.001_wd0.0001_bs512_ep30_K64_eta0.1_clip1302_clipa10","8","0.1423310337709221","0.95","0.6126435353927089","proxy_worst_loss_clip_min"
"camelyon17_loo_h4","4","P99","proxy_only","rcgdro_softclip_p99_a10_cam_loo_h4cal","9","h0_do0.0_lr0.001_wd0.0001_bs512_ep30_K64_eta0.1_clip2256_clipa10","17","0.1387524289495846","0.9485","0.6443455542321317","proxy_worst_loss_clip_min"
"camelyon17_loo_h4","4","P99","val_loss_only","rcgdro_softclip_p99_a10_cam_loo_h4cal","9","h0_do0.0_lr0.001_wd0.0001_bs512_ep30_K64_eta0.1_clip2256_clipa10","17","0.1387524289495846","0.9485","0.6443455542321317","proxy_worst_loss_clip_min"
"camelyon17_loo_h4","4","baseline","baseline","rcgdro","9","h0_do0.0_lr0.001_wd0.0001_bs512_ep30_K64_eta0.1","29","0.1547341552646785","0.948","0.6142886506859213","proxy_worst_loss_min"
